Borough,Area,Unemployment rate  - 16+ white UK born,null...4,null...5,null...6,Unemployment rate  - 16+ white not UK born,null...8,null...9,null...10,Unemployment rate  - 16+ ethnic minority UK born,null...12,null...13,null...14,Unemployment rate  - 16+ ethnic minority not UK born,null...16,null...17,null...18,2012,2013,2014,2015,2016,2017,2018,2019,2020,2021,2022
,null,number,denominator,percent,confidence,number,denominator,percent,confidence,number,denominator,percent,confidence,number,denominator,percent,confidence,,,,,,,,,,,
,Barking and Dagenham,5200,36800,14.2,8.3,1400,13500,10,*,1600,8100,19.8,*,4600,33300,13.8,8.5,,,,,,,,,,,
,Barking and Dagenham,2900,32400,8.9,7.6,900,13300,7,*,2400,10800,22.2,*,4200,34400,12.1,8.5,,,,,,,,,,,
,Barking and Dagenham,3100,34000,9,7.2,!,13500,!,!,1400,13400,10.1,*,5700,35700,16,9.2,,,,,,,,,,,
,Barking and Dagenham,3700,31700,11.8,8.5,!,17900,!,!,1200,12600,9.5,*,1900,34600,5.4,*,,,,,,,,,,,
,Barking and Dagenham,1600,32200,5.1,*,!,18500,!,!,1300,13800,9.7,*,1700,35400,4.8,*,,,,,,,,,,,
,Barking and Dagenham,2000,34800,5.8,*,1000,19500,5.3,*,!,11800,!,!,2300,38400,5.9,*,,,,,,,,,,,
,Barking and Dagenham,2200,25700,8.4,*,3400,20900,16.1,*,!,12600,!,!,4300,45400,9.5,*,,,,,,,,,,,
,Barking and Dagenham,2200,31700,6.8,*,!,9500,!,!,!,14600,!,!,!,43200,!,!,,,,,,,,,,,
,Barking and Dagenham,!,17700,!,!,1800,23400,7.8,*,!,19100,!,!,!,48100,!,!,,,,,,,,,,,
,Barnet,2200,93100,2.3,*,2200,42900,5.1,*,1900,21400,8.6,*,3500,32300,10.8,*,,,,,,,,,,,
,Barnet,2500,87500,2.9,*,2300,44700,5.1,*,1800,18600,9.9,*,2200,35100,6.3,*,,,,,,,,,,,
,Barnet,6600,91700,7.2,5.7,1400,40400,3.4,*,4200,23600,17.8,*,4000,36500,10.9,*,,,,,,,,,,,
,Barnet,1600,80300,2,*,!,40900,!,!,!,22800,!,!,3000,42100,7.1,*,,,,,,,,,,,
,Barnet,3300,88900,3.7,*,!,46100,!,!,!,21000,!,!,4300,45800,9.4,*,,,,,,,,,,,
,Barnet,2500,93500,2.6,*,!,49000,!,!,4000,24500,16.3,*,4800,48500,9.9,*,,,,,,,,,,,
,Barnet,!,75100,!,!,2700,65700,4,*,!,23800,!,!,6500,50600,12.8,*,,,,,,,,,,,
,Barnet,2800,73400,3.8,*,4100,49700,8.3,*,4500,30700,14.7,*,4100,53100,7.7,*,,,,,,,,,,,
,Barnet,5200,72600,7.2,*,2500,47000,5.4,*,!,27400,!,!,!,55600,!,!,,,,,,,,,,,
,Bexley,5200,89400,5.8,4.4,1100,9600,11.3,*,!,5800,!,!,3000,14900,20.4,*,,,,,,,,,,,
,Bexley,3600,91000,4,3.6,!,8000,!,!,!,4600,!,!,1600,19000,8.3,*,,,,,,,,,,,
,Bexley,6900,94300,7.4,4.8,1600,10800,14.8,*,!,4500,!,!,!,17000,!,!,,,,,,,,,,,
,Bexley,4000,90900,4.4,3.9,!,11700,!,!,!,8100,!,!,!,20500,!,!,,,,,,,,,,,
,Bexley,1800,91100,2,*,!,11400,!,!,900,7800,11.7,*,!,17400,!,!,,,,,,,,,,,
,Bexley,3500,87500,4,3.7,!,17300,!,!,!,7000,!,!,1800,16700,11.1,*,,,,,,,,,,,
,Bexley,3600,84600,4.3,*,!,15700,!,!,!,11100,!,!,3400,22600,15.2,*,,,,,,,,,,,
,Bexley,4800,78300,6.1,*,!,15800,!,!,!,6200,!,!,!,27000,!,!,,,,,,,,,,,
,Bexley,2300,86500,2.7,*,!,15200,!,!,!,11700,!,!,!,25400,!,!,,,,,,,,,,,
,Brent,2600,29100,9.1,*,1200,30700,4.1,*,3900,28700,13.6,10.7,8000,74000,10.8,6,,,,,,,,,,,
,Brent,1300,33100,4,*,!,35000,!,!,3000,25200,12.1,10.8,5800,67000,8.6,5.6,,,,,,,,,,,
,Brent,!,32200,!,!,1900,33200,5.7,*,4700,29300,16,11.6,5400,74000,7.3,5.1,,,,,,,,,,,
,Brent,2500,30700,8.3,*,2200,39600,5.6,*,1800,24700,7.3,*,6300,73500,8.6,5.8,,,,,,,,,,,
,Brent,!,25000,!,!,!,38200,!,!,4000,35400,11.4,*,3900,70000,5.6,*,,,,,,,,,,,
,Brent,!,31800,!,!,3300,46100,7.2,*,#,35500,6.4,*,3500,63000,5.6,*,,,,,,,,,,,
,Brent,!,36500,!,!,!,35600,!,!,3000,41400,7.1,*,!,59100,!,!,,,,,,,,,,,
,Brent,!,35800,!,!,3500,34800,10,*,!,29200,!,!,7800,73300,10.7,*,,,,,,,,,,,
,Brent,!,31300,!,!,!,42800,!,!,!,30300,!,!,4900,66200,7.4,*,,,,,,,,,,,
,Bromley,8300,126200,6.6,3.9,!,14000,!,!,!,7800,!,!,!,18100,!,!,,,,,,,,,,,
,Bromley,6700,119900,5.6,3.7,!,20000,!,!,!,9300,!,!,900,17600,5.3,*,,,,,,,,,,,
,Bromley,4900,116300,4.2,3.3,1200,22300,5.2,*,1700,10200,16.6,*,900,19700,4.5,*,,,,,,,,,,,
,Bromley,3600,120800,3,*,!,21500,!,!,!,12100,!,!,1800,14600,12.5,*,,,,,,,,,,,
,Bromley,6700,118600,5.6,4.4,!,24500,!,!,!,11000,!,!,!,17000,!,!,,,,,,,,,,,
,Bromley,2500,106300,2.3,*,!,29100,!,!,!,13400,!,!,!,25600,!,!,,,,,,,,,,,
,Bromley,3700,107700,3.4,*,!,29400,!,!,!,17700,!,!,!,22000,!,!,,,,,,,,,,,
,Bromley,5700,129100,4.4,4.2,!,24500,!,!,4600,19200,24,*,!,16100,!,!,,,,,,,,,,,
,Bromley,2300,118500,1.9,*,!,22900,!,!,!,18700,!,!,!,25200,!,!,,,,,,,,,,,
,Camden,3500,52600,6.6,5.7,1900,34000,5.5,*,900,7900,11.2,*,1900,22300,8.7,*,,,,,,,,,,,
,Camden,4700,58800,8,5.8,1700,33000,5.1,*,!,9600,!,!,1900,22900,8.4,*,,,,,,,,,,,
,Camden,1500,60500,2.6,*,!,30300,!,!,1200,10600,10.9,*,1800,27300,6.8,*,,,,,,,,,,,
,Camden,2000,52600,3.8,*,!,38400,!,!,2100,11400,18.4,*,2200,30700,7.1,*,,,,,,,,,,,
,Camden,1700,55600,3,*,!,39200,!,!,1000,13400,7.7,*,2200,35100,6.2,*,,,,,,,,,,,
,Camden,2200,65600,3.4,*,!,38200,!,!,1200,9600,12.4,*,4000,30400,13.2,*,,,,,,,,,,,
,Camden,!,61100,!,!,!,34500,!,!,!,13900,!,!,2500,35000,7.2,*,,,,,,,,,,,
,Camden,!,72200,!,!,!,27400,!,!,!,12400,!,!,!,32500,!,!,,,,,,,,,,,
,Camden,4700,59300,8,*,!,30600,!,!,!,22800,!,!,!,33900,!,!,,,,,,,,,,,
,City of London,!,#,!,!,!,!,!,-,!,!,!,-,!,!,!,-,,,,,,,,,,,
,City of London,!,1600,!,!,!,!,!,-,!,!,!,-,!,!,!,-,,,,,,,,,,,
,City of London,!,4100,!,!,!,!,!,-,!,!,!,-,!,!,!,-,,,,,,,,,,,
,City of London,!,!,!,!,!,3500,!,!,!,!,!,-,!,!,!,-,,,,,,,,,,,
,City of London,!,5300,!,!,!,!,!,-,!,!,!,-,!,!,!,!,,,,,,,,,,,
,City of London,!,5600,!,!,!,#,!,!,!,!,!,-,!,!,!,-,,,,,,,,,,,
,City of London,!,#,!,!,!,!,!,!,!,!,!,!,!,!,!,-,,,,,,,,,,,
,City of London,!12,"10,800",!13,!14,!15,#16,!17,!18,!19,!20,!21,-22,!23,"9,60,024",!25,!26,,,,,,,,,,,
,City of London,!14,"6,200",!15,!16,!17,#18,!19,!20,!21,!22,!23,-24,!25,#26,!27,!28,,,,,,,,,,,
,Croydon,6000,90100,6.6,5.4,!,23500,!,!,2800,29300,9.7,*,7400,56400,13.1,9.2,,,,,,,,,,,
,Croydon,5200,99400,5.2,4.8,!,24000,!,!,5100,28300,18,*,4700,46300,10.1,*,,,,,,,,,,,
,Croydon,1900,94300,2.1,*,!,26300,!,!,2300,33500,6.8,*,2900,46100,6.3,*,,,,,,,,,,,
,Croydon,5500,87600,6.3,5.3,1400,27600,5,*,2000,35600,5.6,*,2800,56900,5,*,,,,,,,,,,,
,Croydon,2700,93600,2.9,*,!,33700,!,!,!,27500,!,!,2500,53100,4.8,*,,,,,,,,,,,
,Croydon,3100,86700,3.6,*,!,40300,!,!,1800,28400,6.4,*,1900,49800,3.8,*,,,,,,,,,,,
,Croydon,#,95000,2,*,3700,33300,11.2,*,3500,23500,14.9,*,3700,55800,6.6,*,,,,,,,,,,,
,Croydon,4300,89800,4.8,*,!,38700,!,!,5200,34300,15.1,*,!,44000,!,!,,,,,,,,,,,
,Croydon,4600,90800,5.1,*,!,27000,!,!,!,44300,!,!,!,51500,!,!,,,,,,,,,,,
,Ealing,5400,58100,9.2,7.5,1000,27500,3.6,*,6500,26000,25.1,17.2,7600,63300,12,8.4,,,,,,,,,,,
,Ealing,3800,60500,6.4,*,2600,41100,6.3,*,2700,22800,12,*,4200,50800,8.3,8.2,,,,,,,,,,,
,Ealing,1700,50400,3.3,*,1200,47200,2.5,*,2000,29100,6.9,*,5400,54000,10,7.6,,,,,,,,,,,
,Ealing,1000,49400,2,*,2900,46200,6.2,*,2300,28800,8,*,4900,58300,8.4,*,,,,,,,,,,,
,Ealing,1800,64400,2.9,*,3200,34800,9.2,*,#,32800,6,*,5400,51600,10.5,*,,,,,,,,,,,
,Ealing,!,52300,!,!,!,42100,!,!,!,23400,!,!,4100,54600,7.6,*,,,,,,,,,,,
,Ealing,!,59200,!,!,!,32000,!,!,7700,43700,17.7,*,!,53100,!,!,,,,,,,,,,,
,Ealing,3300,77300,4.2,*,!,36200,!,!,!,25300,!,!,7100,45300,15.8,*,,,,,,,,,,,
,Ealing,2400,84300,2.8,*,!,33000,!,!,!,22500,!,!,!,45000,!,!,,,,,,,,,,,
,East,146500,2600500,5.6,0.8,13500,240000,5.6,2.5,11900,79500,14.9,6.2,16400,155900,10.5,3.8,,,,,,,,,,,
,East,124500,2570400,4.8,0.7,14100,257500,5.5,2.4,8400,85700,9.8,5.1,13400,164900,8.1,3.2,,,,,,,,,,,
,East,96700,2574400,3.8,0.7,12400,284400,4.4,2,5200,85800,6.1,4,8800,184200,4.8,2.5,,,,,,,,,,,
,East,96500,2535000,3.8,0.7,7500,307000,2.4,1.5,10000,90900,11,5.2,6300,188400,3.3,2.1,,,,,,,,,,,
,East,96500,2535000,3.8,0.7,7500,307000,2.4,1.5,10000,90900,11,5.2,6300,188400,3.3,2.1,,,,,,,,,,,
,East,89000,2546100,3.5,0.7,8500,296700,2.8,1.7,6000,103100,5.8,3.7,11000,200800,5.5,2.6,,,,,,,,,,,
,East,88800,2543300,3.5,0.7,10600,324600,3.3,1.8,5300,106200,5,3.5,6200,198200,3.1,2,,,,,,,,,,,
,East,81600,2543200,3.2,0.7,6700,339300,2,1.3,4200,98500,4.2,3.2,10400,211000,4.9,2.4,,,,,,,,,,,
,East,99800,2535600,3.9,0.8,9600,340900,2.8,2,5200,107900,4.8,4,10900,202000,5.4,3.1,,,,,,,,,,,
,East,92900,2531400,3.7,0.7,6800,323700,2.1,1.8,8600,128300,6.7,4.4,12800,216700,5.9,3.2,,,,,,,,,,,
,East,61200,2497900,2.4,0.7,7500,330500,2.3,1.9,8000,159500,5,3.9,12500,219300,5.7,3.2,,,,,,,,,,,
,East Midlands,131300,1959300,6.7,1,10700,137400,7.8,3.8,10900,74300,14.7,6.2,16600,131900,12.6,4.1,,,,,,,,,,,
,East Midlands,101900,1978400,5.1,0.9,9100,150000,6,3.3,9600,78800,12.2,5.7,10300,130400,7.9,3.4,,,,,,,,,,,
,East Midlands,80300,1941700,4.1,0.8,10000,183500,5.4,2.9,8700,83600,10.4,5.3,10800,133100,8.1,3.6,,,,,,,,,,,
,East Midlands,80800,1954600,4.1,0.8,7500,191100,3.9,2.6,5600,80300,6.9,4.6,7300,139200,5.2,3,,,,,,,,,,,
,East Midlands,80800,1954600,4.1,0.8,7500,191100,3.9,2.6,5600,80300,6.9,4.6,7300,139200,5.2,3,,,,,,,,,,,
,East Midlands,76000,1924200,4,0.8,12400,212600,5.9,3,7000,84200,8.3,5,9900,151000,6.6,3.4,,,,,,,,,,,
,East Midlands,84100,1931100,4.4,0.9,7200,209100,3.4,2.3,4700,96600,4.8,3.7,11700,159900,7.3,3.5,,,,,,,,,,,
,East Midlands,64400,1949900,3.3,0.8,10000,224500,4.4,2.6,5200,104700,5,3.8,11500,173200,6.7,3.3,,,,,,,,,,,
,East Midlands,85300,1962900,4.3,1,11700,204900,5.7,4,11600,91800,12.7,7.1,11200,172100,6.5,4.1,,,,,,,,,,,
,East Midlands,76700,1883000,4.1,0.9,6100,212200,2.9,*,10100,102400,9.9,5.9,13000,180000,7.2,4.2,,,,,,,,,,,
,East Midlands,46900,1887200,2.5,0.8,5000,206200,2.4,*,6300,105500,6,4.8,10400,201700,5.2,3.1,,,,,,,,,,,
,Enfield,4800,74800,6.4,5.3,2400,27600,8.6,*,2600,18700,14.2,*,2200,32000,6.9,*,,,,,,,,,,,
,Enfield,4800,79100,6.1,5.3,1600,21500,7.3,*,1500,19500,7.8,*,3100,35600,8.6,*,,,,,,,,,,,
,Enfield,2400,70900,3.3,*,!,27500,!,!,!,20700,!,!,2800,40600,6.8,*,,,,,,,,,,,
,Enfield,3400,73000,4.6,*,1200,27200,4.5,*,3500,22500,15.4,*,1200,38500,3.1,*,,,,,,,,,,,
,Enfield,4300,72300,6,*,1500,31500,4.8,*,!,22700,!,!,!,38400,!,!,,,,,,,,,,,
,Enfield,4900,62900,7.8,*,1800,36900,4.9,*,2700,19700,13.7,*,2400,43300,5.6,*,,,,,,,,,,,
,Enfield,!,78000,!,!,5500,33900,16.3,*,!,16200,!,!,2500,38100,6.6,*,,,,,,,,,,,
,Enfield,!,68400,!,!,!,34000,!,!,4000,32200,12.4,*,!,34400,!,!,,,,,,,,,,,
,Enfield,3000,66800,4.4,*,!,28300,!,!,!,32400,!,!,5100,43600,11.6,*,,,,,,,,,,,
,Greenwich,6100,63200,9.7,6.9,!,18200,!,!,2800,13800,20.5,*,4700,36300,13,10.5,,,,,,,,,,,
,Greenwich,7900,69200,11.4,7.3,1200,22800,5.3,*,2600,13700,19.3,*,2600,32200,8.1,*,,,,,,,,,,,
,Greenwich,5300,71600,7.4,6,!,27400,!,!,2800,12800,21.7,*,2900,36200,8.1,*,,,,,,,,,,,
,Greenwich,3700,62600,5.9,*,1100,27900,4,*,,18500,14,*,3200,39300,8.1,*,,,,,,,,,,,
,Greenwich,4500,74900,6,5.6,1900,27100,6.9,*,#,15200,10.7,*,1900,34000,5.5,*,,,,,,,,,,,
,Greenwich,3500,71400,4.9,*,!,30100,!,!,#,14700,10.6,*,2400,44900,5.4,*,,,,,,,,,,,
,Greenwich,5000,60500,8.2,*,!,32000,!,!,!,13200,!,!,3300,58900,5.7,*,,,,,,,,,,,
,Greenwich,4300,63200,6.8,*,!,34200,!,!,4100,24100,17.2,*,5300,49100,10.7,*,,,,,,,,,,,
,Greenwich,1600,71300,2.3,*,!,22100,!,!,!,15700,!,!,2100,54000,3.9,*,,,,,,,,,,,
,Hackney,3400,57000,5.9,*,2200,25900,8.5,*,2200,18200,12.2,*,6400,31100,20.7,12.6,,,,,,,,,,,
,Hackney,1200,58100,2.1,*,2000,32200,6.3,*,3900,20400,19,14.7,4400,32700,13.3,9.7,,,,,,,,,,,
,Hackney,2300,60900,3.8,*,1800,30300,6,*,2600,25000,10.3,*,1800,27900,6.3,*,,,,,,,,,,,
,Hackney,2400,62300,3.8,*,2300,32500,7.2,*,3200,19000,16.6,15.7,3700,34200,10.7,9.6,,,,,,,,,,,
,Hackney,2000,64600,3,*,!,27700,!,!,3400,23500,14.4,*,3300,37000,9,*,,,,,,,,,,,
,Hackney,!,70800,!,!,!,33000,!,!,2200,19000,11.7,*,3800,34500,11,*,,,,,,,,,,,
,Hackney,4100,73100,5.6,*,!,32400,!,!,!,15000,!,!,2200,42400,5.2,*,,,,,,,,,,,
,Hackney,5400,91100,5.9,*,!,38000,!,!,!,22500,!,!,3300,35800,9.1,*,,,,,,,,,,,
,Hackney,7700,79100,9.8,*,6300,39400,15.9,*,!,22200,!,!,!,38500,!,!,,,,,,,,,,,
,Hammersmith and Fulham,2000,49000,4.1,4.2,800,31100,2.7,*,800,7900,9.5,*,2700,14900,17.9,14.1,,,,,,,,,,,
,Hammersmith and Fulham,1800,53300,3.5,*,2800,30100,9.4,*,!,7200,!,!,800,18700,4.2,*,,,,,,,,,,,
,Hammersmith and Fulham,1600,43900,3.7,*,1200,33000,3.5,*,1200,10200,11.8,*,1200,20600,5.7,*,,,,,,,,,,,
,Hammersmith and Fulham,1300,41900,3,*,700,33200,2,*,800,8900,8.8,*,!,21100,!,!,,,,,,,,,,,
,Hammersmith and Fulham,1200,41600,2.9,*,1100,31500,3.6,*,1600,9700,16.2,*,1700,22800,7.6,*,,,,,,,,,,,
,Hammersmith and Fulham,1800,47400,3.9,*,!,31900,!,!,!,5900,!,!,!,16800,!,!,,,,,,,,,,,
,Hammersmith and Fulham,3300,44200,7.4,*,1400,33900,4.2,*,1400,12800,11,*,!,16000,!,!,,,,,,,,,,,
,Hammersmith and Fulham,2600,47600,5.4,*,!,23700,!,!,!,10100,!,!,!,21900,!,!,,,,,,,,,,,
,Hammersmith and Fulham,1800,46900,3.8,*,!,29900,!,!,!,11900,!,!,!,13500,!,!,,,,,,,,,,,
,Haringey,2600,58700,4.4,4.5,1000,32800,3,*,4600,25200,18.3,13.5,3600,22400,16.2,12.6,,,,,,,,,,,
,Haringey,2900,56800,5.2,5.1,2600,38700,6.6,*,2900,19000,15,*,3100,26100,12,11.1,,,,,,,,,,,
,Haringey,900,57100,1.6,*,1800,42900,4.2,*,2200,21600,10.2,*,3100,24200,12.7,11.8,,,,,,,,,,,
,Haringey,3000,61900,4.9,4.6,!,38700,!,!,1300,23600,5.6,*,2000,27200,7.5,*,,,,,,,,,,,
,Haringey,1700,64900,2.7,*,!,45300,!,!,3300,17600,18.8,*,2000,28500,7,*,,,,,,,,,,,
,Haringey,!,67000,!,!,1700,45300,3.7,*,!,15800,!,!,1400,31700,4.6,*,,,,,,,,,,,
,Haringey,3400,78600,4.3,*,2300,45900,5,*,!,17600,!,!,!,14800,!,!,,,,,,,,,,,
,Haringey,1400,62000,2.3,*,1800,47300,3.7,*,2500,21600,11.7,*,!,28900,!,!,,,,,,,,,,,
,Haringey,2500,58200,4.3,*,!,46100,!,!,!,29200,!,!,!,27500,!,!,,,,,,,,,,,
,Harrow,2300,37100,6.2,*,1700,18300,9.1,*,1700,13700,12.3,*,6000,52100,11.4,6.6,,,,,,,,,,,
,Harrow,!,36500,!,!,!,16600,!,!,1900,14900,12.7,*,3900,56800,6.9,5.3,,,,,,,,,,,
,Harrow,1200,37500,3.2,*,!,18500,!,!,900,18000,5.1,*,3300,51300,6.4,5.5,,,,,,,,,,,
,Harrow,!,32700,!,!,!,25300,!,!,1600,16400,9.7,*,5200,53600,9.8,7,,,,,,,,,,,
,Harrow,!,32500,!,!,!,26200,!,!,!,21100,!,!,2200,49600,4.4,*,,,,,,,,,,,
,Harrow,!,23900,!,!,!,23700,!,!,3000,25800,11.5,*,1700,45400,3.8,*,,,,,,,,,,,
,Harrow,2900,33600,8.7,*,!,19400,!,!,!,29800,!,!,4700,42000,11.1,*,,,,,,,,,,,
,Harrow,1900,26500,7.2,*,#,16900,16.4,*,!,32600,!,!,2000,52700,3.8,*,,,,,,,,,,,
,Harrow,!,26100,!,!,!,15900,!,!,3400,35100,9.7,*,#,51200,6.5,*,,,,,,,,,,,
,Havering,7400,97500,7.6,4.8,1300,8300,15.2,*,1000,4500,22.1,*,!,9100,!,!,,,,,,,,,,,
,Havering,6600,103100,6.4,4.1,!,9300,!,!,1700,5000,33.5,*,!,11700,!,!,,,,,,,,,,,
,Havering,5100,100400,5.1,3.8,!,10600,!,!,!,7900,!,!,1000,9400,10.7,*,,,,,,,,,,,
,Havering,3700,106400,3.4,3.3,!,11600,!,!,!,5500,!,!,!,12200,!,!,,,,,,,,,,,
,Havering,5700,108700,5.2,3.7,!,6400,!,!,!,11100,!,!,!,12200,!,!,,,,,,,,,,,
,Havering,5400,91000,5.9,4.4,!,10300,!,!,!,17800,!,!,!,14200,!,!,,,,,,,,,,,
,Havering,3800,83700,4.5,4.3,!,18500,!,!,!,17300,!,!,!,21200,!,!,,,,,,,,,,,
,Havering,5200,94200,5.5,4.3,!,14500,!,!,!,18000,!,!,!,19900,!,!,,,,,,,,,,,
,Havering,!,96200,!,!,!,15500,!,!,1000,16100,6.5,*,!,20900,!,!,,,,,,,,,,,
,Hillingdon,5800,76400,7.6,5.5,!,10100,!,!,2500,17800,14.1,*,4000,46800,8.6,7.5,,,,,,,,,,,
,Hillingdon,3800,73900,5.2,4.5,!,22600,!,!,2000,14500,13.9,*,3800,40400,9.4,8,,,,,,,,,,,
,Hillingdon,3200,69600,4.6,*,!,17900,!,!,2800,20900,13.4,*,2800,46900,5.9,*,,,,,,,,,,,
,Hillingdon,2800,70700,4,*,!,23100,!,!,!,20000,!,!,2200,45400,4.8,*,,,,,,,,,,,
,Hillingdon,2000,63300,3.2,*,!,19200,!,!,2300,25800,8.8,*,2400,51000,4.7,*,,,,,,,,,,,
,Hillingdon,2100,48500,4.4,*,1900,26400,7,*,!,25800,!,!,2500,54500,4.7,*,,,,,,,,,,,
,Hillingdon,5700,67100,8.5,*,2700,17600,15.2,*,4900,33800,14.5,*,!,55200,!,!,,,,,,,,,,,
,Hillingdon,4400,69300,6.4,*,!,17000,!,!,!,19900,!,!,5100,66200,7.7,*,,,,,,,,,,,
,Hillingdon,5500,67100,8.2,*,!,16700,!,!,!,15600,!,!,3400,59600,5.8,*,,,,,,,,,,,
,Hounslow,2700,46900,5.7,5.7,700,28200,2.6,*,2100,15300,13.4,*,5700,52300,10.9,7.6,,,,,,,,,,,
,Hounslow,2300,42600,5.4,*,!,33300,!,!,3000,18200,16.8,*,4000,52700,7.7,*,,,,,,,,,,,
,Hounslow,2400,44400,5.3,*,!,26400,!,!,2200,18400,11.8,*,1500,53700,2.9,*,,,,,,,,,,,
,Hounslow,!,41700,!,!,!,27500,!,!,1500,18800,7.9,*,4200,55000,7.6,7.6,,,,,,,,,,,
,Hounslow,1400,40600,3.4,*,!,26000,!,!,1800,16800,10.5,*,7800,64500,12.2,8.8,,,,,,,,,,,
,Hounslow,!,47100,!,!,!,24900,!,!,2300,20500,11.2,*,3800,59400,6.4,*,,,,,,,,,,,
,Hounslow,2100,44900,4.6,*,!,24900,!,!,!,20900,!,!,!,49800,!,!,,,,,,,,,,,
,Hounslow,!,50500,!,!,!,22000,!,!,2900,17700,16.2,*,3600,58500,6.2,*,,,,,,,,,,,
,Hounslow,2500,41000,6,*,!,41000,!,!,!,12900,!,!,!,53900,!,!,,,,,,,,,,,
,Hounslow,!,48600,!,!,!,31100,!,!,!,17000,!,!,3200,47400,6.8,*,,,,,,,,,,,
,Islington,5200,68300,7.7,5.7,1700,24000,7.1,*,2400,13900,17.1,*,1900,16100,12,*,,,,,,,,,,,
,Islington,2900,69600,4.2,4.3,2200,28400,7.6,*,!,10300,!,!,2900,16000,18.4,15.8,,,,,,,,,,,
,Islington,1900,67600,2.8,*,800,27300,2.9,*,1700,14800,11.7,*,1500,21900,6.6,*,,,,,,,,,,,
,Islington,3900,65200,6,5.4,1300,28200,4.5,*,1500,16900,8.8,*,2600,22600,11.3,*,,,,,,,,,,,
,Islington,!,79700,!,!,1400,23100,6.2,*,1100,11600,9.7,*,2300,29100,7.8,*,,,,,,,,,,,
,Islington,1200,81500,1.4,*,2900,33500,8.6,*,1500,12400,11.9,*,1800,17800,10.2,*,,,,,,,,,,,
,Islington,2100,71400,2.9,*,!,32300,!,!,1400,13200,10.4,*,2700,30500,8.9,*,,,,,,,,,,,
,Islington,4300,71400,6,*,2600,42900,6,*,!,12700,!,!,!,16300,!,!,,,,,,,,,,,
,Islington,3700,72300,5.1,*,!,34600,!,!,!,10200,!,!,1900,29200,6.4,*,,,,,,,,,,,
,Islington,!,67800,!,!,!,43000,!,!,!,19400,!,!,4000,22400,18,*,,,,,,,,,,,
,Kensington and Chelsea,1300,28000,4.5,*,600,28300,2.2,*,1600,6800,23.1,*,2100,17500,12.1,10.5,,,,,,,,,,,
,Kensington and Chelsea,2200,28500,7.9,6.1,900,30900,3,*,600,4400,14.6,*,1900,21800,8.6,8.1,,,,,,,,,,,
,Kensington and Chelsea,700,27500,2.5,*,700,29400,2.4,*,800,6400,12.2,*,1200,18600,6.6,*,,,,,,,,,,,
,Kensington and Chelsea,900,25500,3.4,*,1800,32500,5.5,*,3500,8400,41.6,28.3,600,16900,3.8,*,,,,,,,,,,,
,Kensington and Chelsea,1500,26200,5.7,*,1600,27500,5.8,*,1400,10200,13.8,*,1900,17700,10.6,*,,,,,,,,,,,
,Kensington and Chelsea,900,25200,3.7,*,1100,24300,4.6,*,1300,7500,16.7,*,2500,16900,14.7,*,,,,,,,,,,,
,Kensington and Chelsea,700,23600,2.8,*,!,28200,!,!,1100,8800,12.4,*,1600,14900,11,*,,,,,,,,,,,
,Kensington and Chelsea,1400,29500,4.6,*,!,33100,!,!,1200,5900,19.4,*,1300,15000,8.7,*,,,,,,,,,,,
,Kensington and Chelsea,1900,21300,8.9,*,!,21600,!,!,!,9500,!,!,!,18700,!,!,,,,,,,,,,,
,Kensington and Chelsea,!,19800,!,!,!,30500,!,!,!,9000,!,!,!,17700,!,!,,,,,,,,,,,
,Kingston upon Thames,2500,52300,4.7,4.2,!,15500,!,!,!,4800,!,!,1700,17300,10,*,,,,,,,,,,,
,Kingston upon Thames,2400,53500,4.4,4.2,#,17800,4.6,*,!,5100,!,!,600,13600,4.3,*,,,,,,,,,,,
,Kingston upon Thames,1600,52700,3.1,*,800,16600,4.7,*,!,5100,!,!,!,18800,!,!,,,,,,,,,,,
,Kingston upon Thames,4000,55200,7.2,5.7,!,13900,!,!,!,6100,!,!,2200,21200,10.5,*,,,,,,,,,,,
,Kingston upon Thames,1300,58500,2.2,*,!,16800,!,!,!,8100,!,!,800,15600,5.4,*,,,,,,,,,,,
,Kingston upon Thames,2700,56900,4.7,4.6,!,16300,!,!,!,5900,!,!,!,20100,!,!,,,,,,,,,,,
,Kingston upon Thames,1300,54000,2.4,*,!,25800,!,!,!,5700,!,!,!,18300,!,!,,,,,,,,,,,
,Kingston upon Thames,!,50400,!,!,!,28100,!,!,!,7500,!,!,!,21600,!,!,,,,,,,,,,,
,Lambeth,3100,56400,5.4,4.3,1300,16500,8,*,!,4900,!,!,1000,13100,7.3,*,,,,,,,,,,,
,Lambeth,3600,95500,3.7,*,2600,54200,4.9,*,4900,25700,19,17.2,4600,25000,18.6,15.9,,,,,,,,,,,
,Lambeth,4000,105400,3.8,*,3700,48300,7.6,*,!,18200,!,!,3100,30900,9.9,*,,,,,,,,,,,
,Lambeth,5400,105100,5.1,*,1600,43300,3.6,*,2000,20000,9.8,*,!,32700,!,!,,,,,,,,,,,
,Lambeth,1000,53400,1.9,*,800,16600,4.6,*,!,3100,!,!,1600,19200,8.5,*,,,,,,,,,,,
,Lambeth,2700,99300,2.7,*,!,48400,!,!,4300,32400,13.4,*,4300,31000,13.8,*,,,,,,,,,,,
,Lambeth,1800,104000,1.7,*,5100,45700,11.2,*,2300,26400,8.6,*,!,34100,!,!,,,,,,,,,,,
,Lambeth,2200,75300,2.9,*,1700,50100,3.4,*,4100,31400,13.2,*,6200,47300,13,10.9,,,,,,,,,,,
,Lambeth,4400,96800,4.5,*,3100,36100,8.6,*,2400,28500,8.5,*,2400,43700,5.6,*,,,,,,,,,,,
,Lambeth,7600,106100,7.2,6.3,!,39700,!,!,3700,23200,16.1,*,5600,46200,12,*,,,,,,,,,,,
,Lambeth,3600,102400,3.5,*,!,50000,!,!,!,34700,!,!,!,26800,!,!,,,,,,,,,,,
,Lambeth,!,119500,!,!,!,40700,!,!,!,42600,!,!,!,22100,!,!,,,,,,,,,,,
,Lewisham,8100,81200,10,6,1300,27200,4.8,*,3100,19600,15.7,*,4500,30800,14.4,11.4,,,,,,,,,,,
,Lewisham,2000,72900,2.8,*,2300,28700,7.9,*,2000,26600,7.7,*,2100,33300,6.4,*,,,,,,,,,,,
,Lewisham,3300,72400,4.6,*,2800,26500,10.6,*,1700,28800,6,*,1800,41100,4.4,*,,,,,,,,,,,
,Lewisham,4700,81900,5.7,5.3,!,30200,!,!,2900,24300,12.1,*,3300,33300,9.8,*,,,,,,,,,,,
,Lewisham,2000,87600,2.3,*,!,36100,!,!,1800,23400,7.8,*,2400,34800,6.9,*,,,,,,,,,,,
,Lewisham,2500,85500,3,*,1700,35300,4.9,*,2100,24600,8.5,*,1500,32000,4.7,*,,,,,,,,,,,
,Lewisham,3100,89600,3.5,*,1500,35900,4.3,*,2200,25600,8.4,*,1900,31500,6.1,*,,,,,,,,,,,
,Lewisham,1500,91300,1.7,*,!,36000,!,!,6000,23700,25.1,*,!,43000,!,!,,,,,,,,,,,
,Lewisham,2000,85000,2.3,*,!,40500,!,!,2400,22400,10.6,*,#,32000,8.2,*,,,,,,,,,,,
,Lewisham,!,97800,!,!,!,33000,!,!,!,27100,!,!,!,38800,!,!,,,,,,,,,,,
,London,132100,2064800,6.4,0.9,42500,818200,5.2,1.4,86100,507200,17,3,125600,1068300,11.8,1.7,,,,,,,,,,,
,London,107700,2084400,5.2,0.9,43400,875000,5,1.3,67400,509400,13.2,2.8,97500,1078100,9,1.5,,,,,,,,,,,
,London,94400,2060600,4.6,0.8,34700,907300,3.8,1.2,69700,591300,11.8,2.5,83200,1108000,7.5,1.4,,,,,,,,,,,
,London,80300,2016100,4,0.8,37600,991400,3.8,1.2,63200,583600,10.8,2.5,87900,1161400,7.6,1.5,,,,,,,,,,,
,London,80300,2016100,4,0.8,37600,991400,3.8,1.2,63200,583600,10.8,2.5,87900,1161400,7.6,1.5,,,,,,,,,,,
,London,79900,2061900,3.9,0.8,37100,1003700,3.7,1.2,53400,547600,9.8,2.5,83000,1166900,7.1,1.4,,,,,,,,,,,
,London,75800,2100600,3.6,0.8,33700,995600,3.4,1.2,56500,608100,9.3,2.5,74900,1143300,6.6,1.5,,,,,,,,,,,
,London,75900,2081500,3.6,0.8,31800,1058600,3,1.1,51200,610100,8.4,2.5,65200,1134800,5.7,1.5,,,,,,,,,,,
,London,87300,2134200,4.1,1,56400,1071300,5.3,1.8,71500,630800,11.3,3.2,85100,1199100,7.1,2,,,,,,,,,,,
,London,99700,2109400,4.7,1,41700,1045800,4,1.6,58400,658600,8.9,2.8,82400,1208900,6.8,1.9,,,,,,,,,,,
,London,68900,2093000,3.3,1,41500,1005000,4.1,1.8,46800,709500,6.6,2.6,67300,1244300,5.4,1.8,,,,,,,,,,,
,Merton,2900,54700,5.3,4.9,!,30400,!,!,1200,7000,16.5,*,1000,22100,4.6,*,,,,,,,,,,,
,Merton,3500,45900,7.6,6.4,!,27900,!,!,1400,11100,12.3,*,2300,27600,8.2,*,,,,,,,,,,,
,Merton,1500,50300,2.9,*,1300,30600,4.4,*,!,13700,!,!,2400,21300,11.4,*,,,,,,,,,,,
,Merton,!,46500,!,!,700,27800,2.6,*,!,12400,!,!,2100,25200,8.3,*,,,,,,,,,,,
,Merton,1100,55000,2,*,!,23200,!,!,!,12600,!,!,900,25500,3.6,*,,,,,,,,,,,
,Merton,1000,59100,1.7,*,!,23100,!,!,1100,11200,10.1,*,1800,27800,6.5,*,,,,,,,,,,,
,Merton,700,47100,1.5,*,!,26700,!,!,2500,18600,13.4,*,1700,27400,6,*,,,,,,,,,,,
,Merton,2900,52900,5.4,*,!,35300,!,!,1100,10500,10.1,*,3200,24500,13.1,*,,,,,,,,,,,
,Merton,2200,50000,4.3,*,1800,35200,5.1,*,!,13200,!,!,!,22300,!,!,,,,,,,,,,,
,Merton,!,52700,!,!,!,35100,!,!,!,10100,!,!,!,25300,!,!,,,,,,,,,,,
,Newham,2300,20800,11.2,*,!,21500,!,!,4800,30400,15.7,12.4,12200,87600,13.9,6.6,,,,,,,,,,,
,Newham,!,21300,!,!,2500,29700,8.5,*,5200,31300,16.6,13.1,7200,73100,9.8,6.5,,,,,,,,,,,
,Newham,3000,29000,10.4,*,1200,39000,3.1,*,4200,29500,14.3,12.3,6900,74600,9.2,6.2,,,,,,,,,,,
,Newham,1800,30100,5.8,*,#,49800,3.3,*,3100,29600,10.5,*,4300,75500,5.7,5.3,,,,,,,,,,,
,Newham,1900,32400,5.8,*,1600,42800,3.8,*,1700,23700,7.2,*,6000,81200,7.4,6.5,,,,,,,,,,,
,Newham,!,25800,!,!,2300,43800,5.2,*,6100,42300,14.5,*,!,68500,!,!,,,,,,,,,,,
,Newham,!,32700,!,!,!,48100,!,!,5300,41400,12.7,*,1700,69500,2.4,*,,,,,,,,,,,
,Newham,!,49000,!,!,!,53000,!,!,#,38000,14.4,*,4400,66700,6.6,*,,,,,,,,,,,
,Newham,#,40500,7.2,*,!,52300,!,!,!,37600,!,!,5700,70800,8,*,,,,,,,,,,,
,Newham,!,51900,!,!,!,34600,!,!,!,30900,!,!,!,88100,!,!,,,,,,,,,,,
,North East,115500,1160200,10,1,2800,43600,6.4,4.2,1500,12600,11.7,9.8,4700,32900,14.1,6.9,,,,,,,,,,,
,North East,99300,1174000,8.5,0.9,3200,45000,7.1,4.3,1800,14400,12.6,9.5,3300,31700,10.6,5.9,,,,,,,,,,,
,North East,88300,1173400,7.5,0.9,3400,45000,7.6,4.5,1600,17000,9.6,8.2,4200,35800,11.9,6.3,,,,,,,,,,,
,North East,74900,1176200,6.4,0.9,3800,48900,7.8,4.7,1600,14200,11.1,9.8,4100,41400,10,6,,,,,,,,,,,
,North East,74900,1176200,6.4,0.9,3800,48900,7.8,4.7,1600,14200,11.1,9.8,4100,41400,10,6,,,,,,,,,,,
,North East,72300,1164200,6.2,0.9,1100,52500,2.2,2.4,1400,13200,10.6,10,3500,41900,8.3,5.2,,,,,,,,,,,
,North East,60600,1168900,5.2,0.8,2700,49400,5.4,3.9,1500,13800,10.6,*,2900,38200,7.7,5.2,,,,,,,,,,,
,North East,65200,1164900,5.6,0.8,2000,45800,4.3,3.8,2700,15600,17.6,11.8,3400,42300,8.1,5.1,,,,,,,,,,,
,North East,73700,1172800,6.3,1,3200,53000,6.1,5.1,2500,16800,14.8,12.1,2900,41100,7,5.9,,,,,,,,,,,
,North East,65300,1142300,5.7,1,2700,49700,5.5,*,1000,15500,6.6,*,5500,46800,11.7,7.3,,,,,,,,,,,
,North East,50600,1125900,4.5,0.9,2500,52900,4.7,*,!,18900,!,!,3900,49800,7.8,6.4,,,,,,,,,,,
,North West,228800,3031600,7.5,0.7,10900,148200,7.4,3,14100,103500,13.6,4.6,19500,171200,11.4,3.3,,,,,,,,,,,
,North West,196000,2978200,6.6,0.6,10400,166500,6.3,2.7,18200,121500,15,4.4,19000,178000,10.7,3.1,,,,,,,,,,,
,North West,140300,2990900,4.7,0.5,10000,184500,5.4,2.4,14600,116500,12.6,4.2,19200,189800,10.1,3,,,,,,,,,,,
,North West,141200,2997000,4.7,0.6,9700,188000,5.1,2.3,14400,128100,11.2,4,16400,201200,8.2,2.7,,,,,,,,,,,
,North West,141200,2997000,4.7,0.6,9700,188000,5.1,2.3,14400,128100,11.2,4,16400,201200,8.2,2.7,,,,,,,,,,,
,North West,122500,3029400,4,0.5,5700,197800,2.9,1.8,14000,137600,10.2,3.8,16200,192200,8.4,2.9,,,,,,,,,,,
,North West,110900,3014700,3.7,0.5,5400,195800,2.8,1.8,11200,134200,8.3,3.4,16100,223500,7.2,2.5,,,,,,,,,,,
,North West,117600,3042400,3.9,0.5,4900,208100,2.3,1.6,9600,129100,7.4,3.3,15300,225200,6.8,2.5,,,,,,,,,,,
,North West,119900,3006700,4,0.6,7200,223200,3.2,2.3,10300,140900,7.3,3.9,17200,216300,7.9,3.6,,,,,,,,,,,
,North West,123700,2954300,4.2,0.6,7600,226000,3.4,2.4,7700,136300,5.7,3.8,24800,232200,10.7,4.1,,,,,,,,,,,
,North West,109400,2960200,3.7,0.7,6400,213800,3,2.5,6700,128200,5.2,4.1,23700,267600,8.8,3.6,,,,,,,,,,,
,Redbridge,2300,47400,4.9,*,1300,18300,7.2,*,6000,30100,19.9,13.2,5800,50700,11.5,7.7,,,,,,,,,,,
,Redbridge,3600,51000,7.1,6.2,1700,21300,7.8,*,3300,28200,11.8,11,1500,48800,3.1,*,,,,,,,,,,,
,Redbridge,2100,48600,4.4,*,!,17800,!,!,6900,31100,22.1,13.6,2200,51600,4.3,*,,,,,,,,,,,
,Redbridge,!,47300,!,!,1300,22900,5.5,*,4600,31700,14.4,11.5,2700,54600,5,*,,,,,,,,,,,
,Redbridge,!,39700,!,!,1500,23600,6.3,*,3500,32800,10.7,9.7,5300,57200,9.3,6.6,,,,,,,,,,,
,Redbridge,1400,47700,2.9,*,900,30700,3,*,1600,25100,6.3,*,3600,45700,7.8,7,,,,,,,,,,,
,Redbridge,3200,47000,6.7,*,!,31400,!,!,1800,27400,6.7,*,!,49000,!,!,,,,,,,,,,,
,Redbridge,!,41100,!,!,!,29900,!,!,!,30600,!,!,!,59100,!,!,,,,,,,,,,,
,Redbridge,2600,37500,7,*,!,19200,!,!,3000,29900,10.1,*,5900,66300,8.9,*,,,,,,,,,,,
,Redbridge,1700,37900,4.5,*,!,23700,!,!,!,31500,!,!,4800,69000,7,*,,,,,,,,,,,
,Richmond upon Thames,2100,70800,3,*,600,22500,2.7,*,!,4700,!,!,700,6900,9.6,*,,,,,,,,,,,
,Richmond upon Thames,3600,70300,5.2,4,!,22400,!,!,#,5300,13.5,*,!,8400,!,!,,,,,,,,,,,
,Richmond upon Thames,2900,68400,4.3,3.8,1000,24000,4.2,*,!,3900,!,!,!,9100,!,!,,,,,,,,,,,
,Richmond upon Thames,3000,75100,4,3.8,1300,23100,5.6,*,!,6100,!,!,1300,7100,18,*,,,,,,,,,,,
,Richmond upon Thames,2100,68000,3.1,*,!,19700,!,!,!,5300,!,!,!,9500,!,!,,,,,,,,,,,
,Richmond upon Thames,1400,68900,2.1,*,!,24600,!,!,1000,4700,21.7,*,!,9900,!,!,,,,,,,,,,,
,Richmond upon Thames,!,71700,!,!,!,21900,!,!,!,6700,!,!,!,9500,!,!,,,,,,,,,,,
,Richmond upon Thames,700,63500,1.1,*,!,27500,!,!,!,6600,!,!,!,13200,!,!,,,,,,,,,,,
,Richmond upon Thames,2600,55300,4.7,*,!,26300,!,!,!,2700,!,!,2800,22000,12.5,*,,,,,,,,,,,
,Richmond upon Thames,2100,56700,3.7,*,!,28400,!,!,!,2100,!,!,1200,14400,8.4,*,,,,,,,,,,,
,South East,203000,3802700,5.3,0.6,18700,395600,4.7,1.6,14000,111000,12.7,4.4,22900,238500,9.6,2.6,,,,,,,,,,,
,South East,169700,3782800,4.5,0.5,20900,409300,5.1,1.6,9000,106400,8.5,3.8,18500,271200,6.8,2.1,,,,,,,,,,,
,South East,144800,3790300,3.8,0.5,17300,423300,4.1,1.4,11900,114200,10.4,4.1,19600,290100,6.8,2.1,,,,,,,,,,,
,South East,146100,3813800,3.8,0.5,14000,465500,3,1.3,11500,122400,9.4,3.9,16700,269900,6.2,2.1,,,,,,,,,,,
,South East,146100,3813800,3.8,0.5,14000,465500,3,1.3,11500,122400,9.4,3.9,16700,269900,6.2,2.1,,,,,,,,,,,
,South East,110800,3765300,2.9,0.5,16800,507600,3.3,1.3,8300,140600,5.9,2.9,13300,297700,4.5,1.8,,,,,,,,,,,
,South East,115200,3761500,3.1,0.5,18100,465900,3.9,1.5,10000,137400,7.3,3.5,16300,321000,5.1,1.9,,,,,,,,,,,
,South East,111700,3795400,2.9,0.5,13400,495200,2.7,1.2,9000,156000,5.8,3,10300,333200,3.1,1.5,,,,,,,,,,,
,South East,134400,3735900,3.6,0.6,22200,539900,4.1,1.7,12900,164600,7.8,3.9,21500,333300,6.4,2.6,,,,,,,,,,,
,South East,125500,3690300,3.4,0.6,22500,528900,4.3,1.7,12600,159900,7.9,4,18600,332600,5.6,2.4,,,,,,,,,,,
,South East,112800,3687500,3.1,0.6,13600,509300,2.7,1.5,6300,167200,3.8,3,15200,387400,3.9,2,,,,,,,,,,,
,South West,130500,2427100,5.4,0.7,11200,174300,6.4,2.7,5300,35300,15.2,9.3,9000,75400,11.9,5.5,,,,,,,,,,,
,South West,113300,2433200,4.7,0.6,9100,193100,4.7,2.3,5600,34600,16.3,9.7,11300,93600,12.1,5,,,,,,,,,,,
,South West,92000,2463300,3.7,0.6,7500,202300,3.7,2,3200,39700,8.1,6.9,7200,89900,8,4.1,,,,,,,,,,,
,South West,93000,2434700,3.8,0.6,10800,230900,4.7,2.1,5300,39500,13.3,9,4700,90800,5.2,3.5,,,,,,,,,,,
,South West,93000,2434700,3.8,0.6,10800,230900,4.7,2.1,5300,39500,13.3,9,4700,90800,5.2,3.5,,,,,,,,,,,
,South West,76300,2472000,3.1,0.5,7500,258700,2.9,1.6,1800,41900,4.4,*,7900,89700,8.8,4.3,,,,,,,,,,,
,South West,76500,2475300,3.1,0.5,5400,243500,2.2,1.5,2500,41000,6.1,6,4100,97100,4.2,2.9,,,,,,,,,,,
,South West,72300,2477400,2.9,0.5,5800,243700,2.4,1.5,2400,44700,5.5,*,7400,105300,7,3.6,,,,,,,,,,,
,South West,92000,2503500,3.7,0.7,11100,212200,5.2,2.7,4300,46100,9.3,*,3600,92600,3.9,3.4,,,,,,,,,,,
,South West,76500,2435300,3.1,0.6,7200,217700,3.3,2.1,4100,56100,7.3,*,3900,99100,4,3.5,,,,,,,,,,,
,South West,61700,2473800,2.5,0.6,4200,213400,2,1.7,4600,53300,8.6,*,4000,106500,3.8,3.4,,,,,,,,,,,
,Southwark,5200,75100,6.9,5.2,2700,31700,8.6,*,5000,15800,31.5,21.2,5000,38300,13,9.6,,,,,,,,,,,
,Southwark,2900,82900,3.5,3.5,1800,31400,5.7,*,3400,18900,17.9,15.5,7900,44000,18,9.8,,,,,,,,,,,
,Southwark,2700,73300,3.7,*,1400,32900,4.1,*,6200,27100,22.7,15.5,3800,51000,7.4,6.8,,,,,,,,,,,
,Southwark,3700,77700,4.7,*,3700,34200,10.8,*,3100,23700,13,*,3600,50900,7,*,,,,,,,,,,,
,Southwark,3600,80600,4.5,*,2500,46900,5.4,*,3700,22600,16.5,*,2600,45500,5.7,*,,,,,,,,,,,
,Southwark,4400,90300,4.8,*,1100,48000,2.3,*,1500,16200,9.6,*,5300,42700,12.3,10.2,,,,,,,,,,,
,Southwark,!,88300,!,!,2200,37700,5.8,*,1500,20400,7.5,*,3300,45900,7.2,*,,,,,,,,,,,
,Southwark,2800,88200,3.2,*,3200,37100,8.8,*,4700,26500,17.6,*,4700,53100,8.8,*,,,,,,,,,,,
,Southwark,2500,74600,3.3,*,!,45100,!,!,4500,31900,14.3,*,2900,44300,6.5,*,,,,,,,,,,,
,Southwark,!,95100,!,!,!,31700,!,!,5500,25100,22.1,*,!,36600,!,!,,,,,,,,,,,
,Sutton,4000,74600,5.4,4.6,1000,9800,10.1,*,!,4000,!,!,1500,18600,8,*,,,,,,,,,,,
,Sutton,3200,71000,4.5,4.4,!,11300,!,!,!,2500,!,!,1600,22500,7.3,*,,,,,,,,,,,
,Sutton,4200,74000,5.6,4.7,900,12600,7.5,*,!,5300,!,!,1000,18800,5.2,*,,,,,,,,,,,
,Sutton,2900,70500,4.1,3.9,!,10300,!,!,!,8700,!,!,1200,20500,5.8,*,,,,,,,,,,,
,Sutton,3500,67800,5.2,4.5,!,14900,!,!,!,8700,!,!,1500,21400,6.8,*,,,,,,,,,,,
,Sutton,2600,63300,4.1,*,!,19100,!,!,#,11000,8.1,*,800,18300,4.3,*,,,,,,,,,,,
,Sutton,4400,75000,5.8,4.2,!,14300,!,!,800,8700,8.7,*,1000,15300,6.3,*,,,,,,,,,,,
,Sutton,2800,55300,5,*,1300,19900,6.6,*,1300,12200,10.4,*,!,24100,!,!,,,,,,,,,,,
,Sutton,3000,58900,5,*,!,17100,!,!,1300,8700,15.1,*,!,25900,!,!,,,,,,,,,,,
,Sutton,1800,57400,3.1,*,!,18200,!,!,1300,8200,16.4,*,1500,28000,5.4,*,,,,,,,,,,,
,Tower Hamlets,3200,45200,7.1,6.7,2300,31300,7.3,*,8800,28800,30.4,15.5,5900,41800,14.1,9.3,,,,,,,,,,,
,Tower Hamlets,3600,52200,6.9,6.5,!,27600,!,!,6100,37000,16.5,11.9,5900,43500,13.7,9.5,,,,,,,,,,,
,Tower Hamlets,2900,48700,5.9,*,1400,30700,4.6,*,5600,44100,12.7,10.1,5000,44400,11.3,9,,,,,,,,,,,
,Tower Hamlets,3800,56200,6.8,*,!,36900,!,!,6000,29500,20.4,16.4,7600,49600,15.2,11,,,,,,,,,,,
,Tower Hamlets,1600,45500,3.5,*,!,35400,!,!,2800,19700,14.3,*,10000,56100,17.8,10.9,,,,,,,,,,,
,Tower Hamlets,3200,64700,4.9,*,1600,42500,3.7,*,!,23900,!,!,4800,47400,10.2,*,,,,,,,,,,,
,Tower Hamlets,1200,65100,1.9,*,1700,40100,4.3,*,1800,26600,6.9,*,2200,45500,4.9,*,,,,,,,,,,,
,Tower Hamlets,2700,74000,3.7,*,!,47400,!,!,!,18200,!,!,4000,45700,8.8,*,,,,,,,,,,,
,Tower Hamlets,3400,50000,6.9,*,!,45600,!,!,!,44200,!,!,4800,48400,9.9,*,,,,,,,,,,,
,Tower Hamlets,!,54500,!,!,!,34100,!,!,!,39000,!,!,6900,61500,11.2,*,,,,,,,,,,,
,Waltham Forest,4400,53400,8.2,6.8,1300,28700,4.6,*,2500,19700,12.7,*,2300,37700,6.1,*,,,,,,,,,,,
,Waltham Forest,5400,56300,9.7,7.5,!,26600,!,!,3300,22000,15.1,*,2900,32100,9.2,*,,,,,,,,,,,
,Waltham Forest,2900,56700,5.1,*,!,29500,!,!,2300,26600,8.6,*,2400,29700,7.9,*,,,,,,,,,,,
,Waltham Forest,2700,55700,4.8,*,2600,39700,6.5,*,1900,18200,10.6,*,!,33900,!,!,,,,,,,,,,,
,Waltham Forest,1300,63600,2,*,!,36800,!,!,3100,20600,15,*,1600,30700,5.1,*,,,,,,,,,,,
,Waltham Forest,!,67700,!,!,!,24000,!,!,2800,30000,9.2,*,!,32600,!,!,,,,,,,,,,,
,Waltham Forest,3000,80200,3.7,*,1800,32500,5.6,*,1700,20500,8.3,*,3600,21800,16.7,*,,,,,,,,,,,
,Waltham Forest,2100,72900,2.9,*,3800,32800,11.7,*,7600,24800,30.4,22,3800,22200,17.3,*,,,,,,,,,,,
,Waltham Forest,5000,86300,5.8,*,!,27600,!,!,2900,20500,14.2,*,!,23900,!,!,,,,,,,,,,,
,Waltham Forest,!,57700,!,!,!,23700,!,!,4400,30900,14.2,*,3800,34400,11,*,,,,,,,,,,,
,Wandsworth,6200,112100,5.6,4.8,3400,39300,8.5,*,5400,17700,30.5,25.2,2700,20500,13.2,*,,,,,,,,,,,
,Wandsworth,3200,105300,3.1,*,1400,41000,3.3,*,!,18200,!,!,2400,26800,9,*,,,,,,,,,,,
,Wandsworth,3100,107200,2.9,*,2800,49300,5.7,*,2900,17200,16.8,*,2700,25100,10.8,*,,,,,,,,,,,
,Wandsworth,1700,94900,1.7,*,#,51900,3,*,1600,16300,9.9,*,1500,31700,4.8,*,,,,,,,,,,,
,Wandsworth,1700,94900,1.7,*,#,51900,3,*,1600,16300,9.9,*,1500,31700,4.8,*,,,,,,,,,,,
,Wandsworth,2400,93700,2.6,*,!,54200,!,!,!,15700,!,!,!,27900,!,!,,,,,,,,,,,
,Wandsworth,3800,104600,3.6,*,1700,52800,3.3,*,!,19000,!,!,!,24100,!,!,,,,,,,,,,,
,Wandsworth,4300,101600,4.2,*,1800,62500,2.8,*,1900,19500,9.7,*,!,23000,!,!,,,,,,,,,,,
,Wandsworth,2400,114600,2.1,*,!,52800,!,!,!,13800,!,!,!,30500,!,!,,,,,,,,,,,
,Wandsworth,4100,96300,4.2,*,3300,60500,5.4,*,!,13000,!,!,3400,31300,10.7,*,,,,,,,,,,,
,Wandsworth,1900,108800,1.8,*,!,64000,!,!,!,15600,!,!,!,26900,!,!,,,,,,,,,,,
,West Midlands,152800,2232000,6.8,0.8,10800,126500,8.5,3.8,39700,195100,20.3,4.9,32900,214800,15.3,4,,,,,,,,,,,
,West Midlands,124900,2191100,5.7,0.8,11000,151200,7.3,3.3,23200,202800,11.4,3.7,27100,208700,13,3.7,,,,,,,,,,,
,West Midlands,107500,2203000,4.9,0.7,7200,178700,4,2.3,23900,176100,13.6,4.3,22800,201000,11.4,3.6,,,,,,,,,,,
,West Midlands,96000,2145600,4.5,0.7,7900,183400,4.3,2.3,28900,231200,12.5,3.8,22200,242400,9.2,3,,,,,,,,,,,
,West Midlands,96000,2145600,4.5,0.7,7900,183400,4.3,2.3,28900,231200,12.5,3.8,22200,242400,9.2,3,,,,,,,,,,,
,West Midlands,98000,2198100,4.5,0.7,10900,207400,5.2,2.6,22000,206900,10.6,3.7,18500,238400,7.8,2.8,,,,,,,,,,,
,West Midlands,92500,2197600,4.2,0.7,3700,204600,1.8,1.5,19300,216700,8.9,3.3,19700,262700,7.5,2.7,,,,,,,,,,,
,West Midlands,87600,2190300,4,0.7,5300,205000,2.6,1.8,22600,247200,9.1,3.2,23300,271900,8.6,2.9,,,,,,,,,,,
,West Midlands,100500,2198400,4.6,0.8,5000,196300,2.5,2.5,23400,230500,10.1,4,27200,287300,9.5,3.8,,,,,,,,,,,
,West Midlands,87200,2148200,4.1,0.8,4900,208600,2.3,2.4,29200,226900,12.9,4.8,24200,327500,7.4,3.5,,,,,,,,,,,
,West Midlands,82800,2142900,3.9,0.8,5200,199900,2.6,*,21200,236400,9,4.2,26000,349300,7.5,3.3,,,,,,,,,,,
,Westminster,2400,44000,5.4,*,1600,38400,4.2,*,900,7900,11,*,2400,29900,8,7.5,,,,,,,,,,,
,Westminster,1100,42800,2.6,*,2400,38000,6.2,*,900,9100,9.8,*,2500,31800,7.9,7.1,,,,,,,,,,,
,Westminster,3900,44200,8.9,7.4,2500,38000,6.5,*,2200,8000,27,*,2400,33800,7.2,*,,,,,,,,,,,
,Westminster,1200,38100,3.1,*,1600,44400,3.5,*,1300,13100,10,*,4000,31700,12.5,10.3,,,,,,,,,,,
,Westminster,1200,38100,3.1,*,1600,44400,3.5,*,1300,13100,10,*,4000,31700,12.5,10.3,,,,,,,,,,,
,Westminster,2600,29400,8.7,*,900,47300,1.9,*,1700,15800,10.6,*,2000,28100,7.1,*,,,,,,,,,,,
,Westminster,3100,41200,7.6,*,!,43800,!,!,2000,13100,15.6,*,!,31800,!,!,,,,,,,,,,,
,Westminster,2900,41100,7,*,!,45500,!,!,1800,17000,10.7,*,!,29300,!,!,,,,,,,,,,,
,Westminster,3400,48300,7,*,6400,41200,15.4,*,!,15700,!,!,!,28900,!,!,,,,,,,,,,,
,Westminster,3400,63500,5.4,*,!,34200,!,!,!,9000,!,!,!,21700,!,!,,,,,,,,,,,
,Westminster,!,37500,!,!,!,41400,!,!,!,18700,!,!,2000,26100,7.8,*,,,,,,,,,,,
,Yorkshire and The Humber,186000,2282200,8.2,0.8,13000,132900,9.8,3.8,18400,96300,19.1,6.8,19600,138800,14.1,4.8,,,,,,,,,,,
,Yorkshire and The Humber,147300,2260200,6.5,0.7,10700,137800,7.8,3.3,18100,99600,18.2,6.6,18500,137900,13.4,4.6,,,,,,,,,,,
,Yorkshire and The Humber,122300,2313700,5.3,0.7,9500,142800,6.7,3,15400,98500,15.6,6.3,14700,136800,10.7,4.2,,,,,,,,,,,
,Yorkshire and The Humber,109200,2273800,4.8,0.7,9300,159300,5.8,2.9,6200,99600,6.2,4.3,14300,147200,9.7,4.1,,,,,,,,,,,
,Yorkshire and The Humber,109200,2273800,4.8,0.7,9300,159300,5.8,2.9,6200,99600,6.2,4.3,14300,147200,9.7,4.1,,,,,,,,,,,
,Yorkshire and The Humber,102500,2261600,4.5,0.7,6800,184600,3.7,2.2,10400,101100,10.3,5.5,15200,147000,10.3,4.2,,,,,,,,,,,
,Yorkshire and The Humber,95100,2258200,4.2,0.7,6100,176200,3.5,2.2,7600,110700,6.8,4.4,11500,143600,8,3.8,,,,,,,,,,,
,Yorkshire and The Humber,87700,2261800,3.9,0.6,7500,175000,4.3,2.5,11400,116200,9.8,5,12300,144200,8.6,4,,,,,,,,,,,
,Yorkshire and The Humber,89500,2303000,3.9,0.7,6500,168300,3.9,3,7600,92300,8.2,6.1,19400,156200,12.4,5.8,,,,,,,,,,,
,Yorkshire and The Humber,81500,2263500,3.6,0.7,5700,161200,3.5,3.1,14600,104400,14,7.7,18700,166900,11.2,5.7,,,,,,,,,,,
,Yorkshire and The Humber,56100,2220700,2.5,0.6,5800,174200,3.3,2.9,17300,127600,13.6,7.2,17400,185500,9.4,5.2,,,,,,,,,,,
