Borough,Area,Unemployment rate  - 16+ white UK born,Unemployment rate  - 16+ white not UK born,Unemployment rate  - 16+ ethnic minority UK born,Unemployment rate  - 16+ ethnic minority not UK born,Year,null,null,null,null,null,null,null,null,null,null,null,null
,null,number,number,number,number,2013,denominator,percent,confidence,denominator,percent,confidence,denominator,percent,confidence,denominator,percent,confidence
,City of London,!,!,!,!,2013,#,!,!,!,!,-,!,!,-,!,!,-
,Barking and Dagenham,5200,1400,1600,4600,2013,36800,14.2,8.3,13500,10,*,8100,19.8,*,33300,13.8,8.5
,Barnet,2200,2200,1900,3500,2013,93100,2.3,*,42900,5.1,*,21400,8.6,*,32300,10.8,*
,Bexley,5200,1100,!,3000,2013,89400,5.8,4.4,9600,11.3,*,5800,!,!,14900,20.4,*
,Brent,2600,1200,3900,8000,2013,29100,9.1,*,30700,4.1,*,28700,13.6,10.7,74000,10.8,6
,Bromley,8300,!,!,!,2013,126200,6.6,3.9,14000,!,!,7800,!,!,18100,!,!
,Camden,3500,1900,900,1900,2013,52600,6.6,5.7,34000,5.5,*,7900,11.2,*,22300,8.7,*
,Croydon,6000,!,2800,7400,2013,90100,6.6,5.4,23500,!,!,29300,9.7,*,56400,13.1,9.2
,Ealing,5400,1000,6500,7600,2013,58100,9.2,7.5,27500,3.6,*,26000,25.1,17.2,63300,12,8.4
,Enfield,4800,2400,2600,2200,2013,74800,6.4,5.3,27600,8.6,*,18700,14.2,*,32000,6.9,*
,Greenwich,6100,!,2800,4700,2013,63200,9.7,6.9,18200,!,!,13800,20.5,*,36300,13,10.5
,Hackney,3400,2200,2200,6400,2013,57000,5.9,*,25900,8.5,*,18200,12.2,*,31100,20.7,12.6
,Hammersmith and Fulham,2000,800,800,2700,2013,49000,4.1,4.2,31100,2.7,*,7900,9.5,*,14900,17.9,14.1
,Haringey,2600,1000,4600,3600,2013,58700,4.4,4.5,32800,3,*,25200,18.3,13.5,22400,16.2,12.6
,Harrow,2300,1700,1700,6000,2013,37100,6.2,*,18300,9.1,*,13700,12.3,*,52100,11.4,6.6
,Havering,7400,1300,1000,!,2013,97500,7.6,4.8,8300,15.2,*,4500,22.1,*,9100,!,!
,Hillingdon,5800,!,2500,4000,2013,76400,7.6,5.5,10100,!,!,17800,14.1,*,46800,8.6,7.5
,Hounslow,2700,700,2100,5700,2013,46900,5.7,5.7,28200,2.6,*,15300,13.4,*,52300,10.9,7.6
,Islington,5200,1700,2400,1900,2013,68300,7.7,5.7,24000,7.1,*,13900,17.1,*,16100,12,*
,Kensington and Chelsea,1300,600,1600,2100,2013,28000,4.5,*,28300,2.2,*,6800,23.1,*,17500,12.1,10.5
,Lambeth,3100,1300,!,1000,2013,56400,5.4,4.3,16500,8,*,4900,!,!,13100,7.3,*
,Lambeth,3600,2600,4900,4600,2013,95500,3.7,*,54200,4.9,*,25700,19,17.2,25000,18.6,15.9
,Lewisham,8100,1300,3100,4500,2013,81200,10,6,27200,4.8,*,19600,15.7,*,30800,14.4,11.4
,Merton,2900,!,1200,1000,2013,54700,5.3,4.9,30400,!,!,7000,16.5,*,22100,4.6,*
,Newham,2300,!,4800,12200,2013,20800,11.2,*,21500,!,!,30400,15.7,12.4,87600,13.9,6.6
,Redbridge,2300,1300,6000,5800,2013,47400,4.9,*,18300,7.2,*,30100,19.9,13.2,50700,11.5,7.7
,Richmond upon Thames,2100,600,!,700,2013,70800,3,*,22500,2.7,*,4700,!,!,6900,9.6,*
,Southwark,5200,2700,5000,5000,2013,75100,6.9,5.2,31700,8.6,*,15800,31.5,21.2,38300,13,9.6
,Sutton,4000,1000,!,1500,2013,74600,5.4,4.6,9800,10.1,*,4000,!,!,18600,8,*
,Tower Hamlets,3200,2300,8800,5900,2013,45200,7.1,6.7,31300,7.3,*,28800,30.4,15.5,41800,14.1,9.3
,Waltham Forest,4400,1300,2500,2300,2013,53400,8.2,6.8,28700,4.6,*,19700,12.7,*,37700,6.1,*
,Wandsworth,6200,3400,5400,2700,2013,112100,5.6,4.8,39300,8.5,*,17700,30.5,25.2,20500,13.2,*
,Westminster,2400,1600,900,2400,2013,44000,5.4,*,38400,4.2,*,7900,11,*,29900,8,7.5
,North East,115500,2800,1500,4700,2013,1160200,10,1,43600,6.4,4.2,12600,11.7,9.8,32900,14.1,6.9
,North West,228800,10900,14100,19500,2013,3031600,7.5,0.7,148200,7.4,3,103500,13.6,4.6,171200,11.4,3.3
,Yorkshire and The Humber,186000,13000,18400,19600,2013,2282200,8.2,0.8,132900,9.8,3.8,96300,19.1,6.8,138800,14.1,4.8
,East Midlands,131300,10700,10900,16600,2013,1959300,6.7,1,137400,7.8,3.8,74300,14.7,6.2,131900,12.6,4.1
,West Midlands,152800,10800,39700,32900,2013,2232000,6.8,0.8,126500,8.5,3.8,195100,20.3,4.9,214800,15.3,4
,East,146500,13500,11900,16400,2013,2600500,5.6,0.8,240000,5.6,2.5,79500,14.9,6.2,155900,10.5,3.8
,London,132100,42500,86100,125600,2013,2064800,6.4,0.9,818200,5.2,1.4,507200,17,3,1068300,11.8,1.7
,South East,203000,18700,14000,22900,2013,3802700,5.3,0.6,395600,4.7,1.6,111000,12.7,4.4,238500,9.6,2.6
,South West,130500,11200,5300,9000,2013,2427100,5.4,0.7,174300,6.4,2.7,35300,15.2,9.3,75400,11.9,5.5
,Area,Unemployment rate  - 16+ white UK born,Unemployment rate  - 16+ white not UK born,Unemployment rate  - 16+ ethnic minority UK born,Unemployment rate  - 16+ ethnic minority not UK born,2014,Column13,Column14,Column15,Column16,Column17,Column18,Column19,Column20,Column21,Column22,Column23,Column24
,null,number,number,number,number,2014,denominator,percent,confidence,denominator,percent,confidence,denominator,percent,confidence,denominator,percent,confidence
,City of London,!,!,!,!,2014,1600,!,!,!,!,-,!,!,-,!,!,-
,Barking and Dagenham,2900,900,2400,4200,2014,32400,8.9,7.6,13300,7,*,10800,22.2,*,34400,12.1,8.5
,Barnet,2500,2300,1800,2200,2014,87500,2.9,*,44700,5.1,*,18600,9.9,*,35100,6.3,*
,Bexley,3600,!,!,1600,2014,91000,4,3.6,8000,!,!,4600,!,!,19000,8.3,*
,Brent,1300,!,3000,5800,2014,33100,4,*,35000,!,!,25200,12.1,10.8,67000,8.6,5.6
,Bromley,6700,!,!,900,2014,119900,5.6,3.7,20000,!,!,9300,!,!,17600,5.3,*
,Camden,4700,1700,!,1900,2014,58800,8,5.8,33000,5.1,*,9600,!,!,22900,8.4,*
,Croydon,5200,!,5100,4700,2014,99400,5.2,4.8,24000,!,!,28300,18,*,46300,10.1,*
,Ealing,3800,2600,2700,4200,2014,60500,6.4,*,41100,6.3,*,22800,12,*,50800,8.3,8.2
,Enfield,4800,1600,1500,3100,2014,79100,6.1,5.3,21500,7.3,*,19500,7.8,*,35600,8.6,*
,Greenwich,7900,1200,2600,2600,2014,69200,11.4,7.3,22800,5.3,*,13700,19.3,*,32200,8.1,*
,Hackney,1200,2000,3900,4400,2014,58100,2.1,*,32200,6.3,*,20400,19,14.7,32700,13.3,9.7
,Hammersmith and Fulham,1800,2800,!,800,2014,53300,3.5,*,30100,9.4,*,7200,!,!,18700,4.2,*
,Haringey,2900,2600,2900,3100,2014,56800,5.2,5.1,38700,6.6,*,19000,15,*,26100,12,11.1
,Harrow,!,!,1900,3900,2014,36500,!,!,16600,!,!,14900,12.7,*,56800,6.9,5.3
,Havering,6600,!,1700,!,2014,103100,6.4,4.1,9300,!,!,5000,33.5,*,11700,!,!
,Hillingdon,3800,!,2000,3800,2014,73900,5.2,4.5,22600,!,!,14500,13.9,*,40400,9.4,8
,Hounslow,2300,!,3000,4000,2014,42600,5.4,*,33300,!,!,18200,16.8,*,52700,7.7,*
,Islington,2900,2200,!,2900,2014,69600,4.2,4.3,28400,7.6,*,10300,!,!,16000,18.4,15.8
,Kensington and Chelsea,2200,900,600,1900,2014,28500,7.9,6.1,30900,3,*,4400,14.6,*,21800,8.6,8.1
,Kingston upon Thames,2500,!,!,1700,2014,52300,4.7,4.2,15500,!,!,4800,!,!,17300,10,*
,Lambeth,4000,3700,!,3100,2014,105400,3.8,*,48300,7.6,*,18200,!,!,30900,9.9,*
,Lewisham,2000,2300,2000,2100,2014,72900,2.8,*,28700,7.9,*,26600,7.7,*,33300,6.4,*
,Merton,3500,!,1400,2300,2014,45900,7.6,6.4,27900,!,!,11100,12.3,*,27600,8.2,*
,Newham,!,2500,5200,7200,2014,21300,!,!,29700,8.5,*,31300,16.6,13.1,73100,9.8,6.5
,Redbridge,3600,1700,3300,1500,2014,51000,7.1,6.2,21300,7.8,*,28200,11.8,11,48800,3.1,*
,Richmond upon Thames,3600,!,#,!,2014,70300,5.2,4,22400,!,!,5300,13.5,*,8400,!,!
,Southwark,2900,1800,3400,7900,2014,82900,3.5,3.5,31400,5.7,*,18900,17.9,15.5,44000,18,9.8
,Sutton,3200,!,!,1600,2014,71000,4.5,4.4,11300,!,!,2500,!,!,22500,7.3,*
,Tower Hamlets,3600,!,6100,5900,2014,52200,6.9,6.5,27600,!,!,37000,16.5,11.9,43500,13.7,9.5
,Waltham Forest,5400,!,3300,2900,2014,56300,9.7,7.5,26600,!,!,22000,15.1,*,32100,9.2,*
,Wandsworth,3200,1400,!,2400,2014,105300,3.1,*,41000,3.3,*,18200,!,!,26800,9,*
,Westminster,1100,2400,900,2500,2014,42800,2.6,*,38000,6.2,*,9100,9.8,*,31800,7.9,7.1
,North East,99300,3200,1800,3300,2014,1174000,8.5,0.9,45000,7.1,4.3,14400,12.6,9.5,31700,10.6,5.9
,North West,196000,10400,18200,19000,2014,2978200,6.6,0.6,166500,6.3,2.7,121500,15,4.4,178000,10.7,3.1
,Yorkshire and The Humber,147300,10700,18100,18500,2014,2260200,6.5,0.7,137800,7.8,3.3,99600,18.2,6.6,137900,13.4,4.6
,East Midlands,101900,9100,9600,10300,2014,1978400,5.1,0.9,150000,6,3.3,78800,12.2,5.7,130400,7.9,3.4
,West Midlands,124900,11000,23200,27100,2014,2191100,5.7,0.8,151200,7.3,3.3,202800,11.4,3.7,208700,13,3.7
,East,124500,14100,8400,13400,2014,2570400,4.8,0.7,257500,5.5,2.4,85700,9.8,5.1,164900,8.1,3.2
,London,107700,43400,67400,97500,2014,2084400,5.2,0.9,875000,5,1.3,509400,13.2,2.8,1078100,9,1.5
,South East,169700,20900,9000,18500,2014,3782800,4.5,0.5,409300,5.1,1.6,106400,8.5,3.8,271200,6.8,2.1
,South West,113300,9100,5600,11300,2014,2433200,4.7,0.6,193100,4.7,2.3,34600,16.3,9.7,93600,12.1,5
,Area,Unemployment rate  - 16+ white UK born,Unemployment rate  - 16+ white not UK born,Unemployment rate  - 16+ ethnic minority UK born,Unemployment rate  - 16+ ethnic minority not UK born,2015,null,null,null,null,null,null,null,null,null,null,null,null
,null,number,number,number,number,2015,denominator,percent,confidence,denominator,percent,confidence,denominator,percent,confidence,denominator,percent,confidence
,City of London,!,!,!,!,2015,4100,!,!,!,!,-,!,!,-,!,!,-
,Barking and Dagenham,3100,!,1400,5700,2015,34000,9,7.2,13500,!,!,13400,10.1,*,35700,16,9.2
,Barnet,6600,1400,4200,4000,2015,91700,7.2,5.7,40400,3.4,*,23600,17.8,*,36500,10.9,*
,Bexley,6900,1600,!,!,2015,94300,7.4,4.8,10800,14.8,*,4500,!,!,17000,!,!
,Brent,!,1900,4700,5400,2015,32200,!,!,33200,5.7,*,29300,16,11.6,74000,7.3,5.1
,Bromley,4900,1200,1700,900,2015,116300,4.2,3.3,22300,5.2,*,10200,16.6,*,19700,4.5,*
,Camden,1500,!,1200,1800,2015,60500,2.6,*,30300,!,!,10600,10.9,*,27300,6.8,*
,Croydon,1900,!,2300,2900,2015,94300,2.1,*,26300,!,!,33500,6.8,*,46100,6.3,*
,Ealing,1700,1200,2000,5400,2015,50400,3.3,*,47200,2.5,*,29100,6.9,*,54000,10,7.6
,Enfield,2400,!,!,2800,2015,70900,3.3,*,27500,!,!,20700,!,!,40600,6.8,*
,Greenwich,5300,!,2800,2900,2015,71600,7.4,6,27400,!,!,12800,21.7,*,36200,8.1,*
,Hackney,2300,1800,2600,1800,2015,60900,3.8,*,30300,6,*,25000,10.3,*,27900,6.3,*
,Hammersmith and Fulham,1600,1200,1200,1200,2015,43900,3.7,*,33000,3.5,*,10200,11.8,*,20600,5.7,*
,Haringey,900,1800,2200,3100,2015,57100,1.6,*,42900,4.2,*,21600,10.2,*,24200,12.7,11.8
,Harrow,1200,!,900,3300,2015,37500,3.2,*,18500,!,!,18000,5.1,*,51300,6.4,5.5
,Havering,5100,!,!,1000,2015,100400,5.1,3.8,10600,!,!,7900,!,!,9400,10.7,*
,Hillingdon,3200,!,2800,2800,2015,69600,4.6,*,17900,!,!,20900,13.4,*,46900,5.9,*
,Hounslow,2400,!,2200,1500,2015,44400,5.3,*,26400,!,!,18400,11.8,*,53700,2.9,*
,Islington,1900,800,1700,1500,2015,67600,2.8,*,27300,2.9,*,14800,11.7,*,21900,6.6,*
,Kensington and Chelsea,700,700,800,1200,2015,27500,2.5,*,29400,2.4,*,6400,12.2,*,18600,6.6,*
,Kingston upon Thames,2400,#,!,600,2015,53500,4.4,4.2,17800,4.6,*,5100,!,!,13600,4.3,*
,Lambeth,5400,1600,2000,!,2015,105100,5.1,*,43300,3.6,*,20000,9.8,*,32700,!,!
,Lewisham,3300,2800,1700,1800,2015,72400,4.6,*,26500,10.6,*,28800,6,*,41100,4.4,*
,Merton,1500,1300,!,2400,2015,50300,2.9,*,30600,4.4,*,13700,!,!,21300,11.4,*
,Newham,3000,1200,4200,6900,2015,29000,10.4,*,39000,3.1,*,29500,14.3,12.3,74600,9.2,6.2
,Redbridge,2100,!,6900,2200,2015,48600,4.4,*,17800,!,!,31100,22.1,13.6,51600,4.3,*
,Richmond upon Thames,2900,1000,!,!,2015,68400,4.3,3.8,24000,4.2,*,3900,!,!,9100,!,!
,Southwark,2700,1400,6200,3800,2015,73300,3.7,*,32900,4.1,*,27100,22.7,15.5,51000,7.4,6.8
,Sutton,4200,900,!,1000,2015,74000,5.6,4.7,12600,7.5,*,5300,!,!,18800,5.2,*
,Tower Hamlets,2900,1400,5600,5000,2015,48700,5.9,*,30700,4.6,*,44100,12.7,10.1,44400,11.3,9
,Waltham Forest,2900,!,2300,2400,2015,56700,5.1,*,29500,!,!,26600,8.6,*,29700,7.9,*
,Wandsworth,3100,2800,2900,2700,2015,107200,2.9,*,49300,5.7,*,17200,16.8,*,25100,10.8,*
,Westminster,3900,2500,2200,2400,2015,44200,8.9,7.4,38000,6.5,*,8000,27,*,33800,7.2,*
,North East,88300,3400,1600,4200,2015,1173400,7.5,0.9,45000,7.6,4.5,17000,9.6,8.2,35800,11.9,6.3
,North West,140300,10000,14600,19200,2015,2990900,4.7,0.5,184500,5.4,2.4,116500,12.6,4.2,189800,10.1,3
,Yorkshire and The Humber,122300,9500,15400,14700,2015,2313700,5.3,0.7,142800,6.7,3,98500,15.6,6.3,136800,10.7,4.2
,East Midlands,80300,10000,8700,10800,2015,1941700,4.1,0.8,183500,5.4,2.9,83600,10.4,5.3,133100,8.1,3.6
,West Midlands,107500,7200,23900,22800,2015,2203000,4.9,0.7,178700,4,2.3,176100,13.6,4.3,201000,11.4,3.6
,East,96700,12400,5200,8800,2015,2574400,3.8,0.7,284400,4.4,2,85800,6.1,4,184200,4.8,2.5
,London,94400,34700,69700,83200,2015,2060600,4.6,0.8,907300,3.8,1.2,591300,11.8,2.5,1108000,7.5,1.4
,South East,144800,17300,11900,19600,2015,3790300,3.8,0.5,423300,4.1,1.4,114200,10.4,4.1,290100,6.8,2.1
,South West,92000,7500,3200,7200,2015,2463300,3.7,0.6,202300,3.7,2,39700,8.1,6.9,89900,8,4.1
,Area,Unemployment rate  - 16+ white UK born,Unemployment rate  - 16+ white not UK born,Unemployment rate  - 16+ ethnic minority UK born,Unemployment rate  - 16+ ethnic minority not UK born,2016,null,null,null,null,null,null,null,null,null,null,null,null
,null,number,number,number,number,2016,denominator,percent,confidence,denominator,percent,confidence,denominator,percent,confidence,denominator,percent,confidence
,City of London,!,!,!,!,2016,!,!,!,3500,!,!,!,!,-,!,!,-
,Barking and Dagenham,3700,!,1200,1900,2016,31700,11.8,8.5,17900,!,!,12600,9.5,*,34600,5.4,*
,Barnet,1600,!,!,3000,2016,80300,2,*,40900,!,!,22800,!,!,42100,7.1,*
,Bexley,4000,!,!,!,2016,90900,4.4,3.9,11700,!,!,8100,!,!,20500,!,!
,Brent,2500,2200,1800,6300,2016,30700,8.3,*,39600,5.6,*,24700,7.3,*,73500,8.6,5.8
,Bromley,3600,!,!,1800,2016,120800,3,*,21500,!,!,12100,!,!,14600,12.5,*
,Camden,2000,!,2100,2200,2016,52600,3.8,*,38400,!,!,11400,18.4,*,30700,7.1,*
,Croydon,5500,1400,2000,2800,2016,87600,6.3,5.3,27600,5,*,35600,5.6,*,56900,5,*
,Ealing,1000,2900,2300,4900,2016,49400,2,*,46200,6.2,*,28800,8,*,58300,8.4,*
,Enfield,3400,1200,3500,1200,2016,73000,4.6,*,27200,4.5,*,22500,15.4,*,38500,3.1,*
,Greenwich,3700,1100, ,3200,2016,62600,5.9,*,27900,4,*,18500,14,*,39300,8.1,*
,Hackney,2400,2300,3200,3700,2016,62300,3.8,*,32500,7.2,*,19000,16.6,15.7,34200,10.7,9.6
,Hammersmith and Fulham,1300,700,800,!,2016,41900,3,*,33200,2,*,8900,8.8,*,21100,!,!
,Haringey,3000,!,1300,2000,2016,61900,4.9,4.6,38700,!,!,23600,5.6,*,27200,7.5,*
,Harrow,!,!,1600,5200,2016,32700,!,!,25300,!,!,16400,9.7,*,53600,9.8,7
,Havering,3700,!,!,!,2016,106400,3.4,3.3,11600,!,!,5500,!,!,12200,!,!
,Hillingdon,2800,!,!,2200,2016,70700,4,*,23100,!,!,20000,!,!,45400,4.8,*
,Hounslow,!,!,1500,4200,2016,41700,!,!,27500,!,!,18800,7.9,*,55000,7.6,7.6
,Islington,3900,1300,1500,2600,2016,65200,6,5.4,28200,4.5,*,16900,8.8,*,22600,11.3,*
,Kensington and Chelsea,900,1800,3500,600,2016,25500,3.4,*,32500,5.5,*,8400,41.6,28.3,16900,3.8,*
,Lambeth,1000,800,!,1600,2016,53400,1.9,*,16600,4.6,*,3100,!,!,19200,8.5,*
,Lambeth,2700,!,4300,4300,2016,99300,2.7,*,48400,!,!,32400,13.4,*,31000,13.8,*
,Lewisham,4700,!,2900,3300,2016,81900,5.7,5.3,30200,!,!,24300,12.1,*,33300,9.8,*
,Merton,!,700,!,2100,2016,46500,!,!,27800,2.6,*,12400,!,!,25200,8.3,*
,Newham,1800,#,3100,4300,2016,30100,5.8,*,49800,3.3,*,29600,10.5,*,75500,5.7,5.3
,Redbridge,!,1300,4600,2700,2016,47300,!,!,22900,5.5,*,31700,14.4,11.5,54600,5,*
,Richmond upon Thames,3000,1300,!,1300,2016,75100,4,3.8,23100,5.6,*,6100,!,!,7100,18,*
,Southwark,3700,3700,3100,3600,2016,77700,4.7,*,34200,10.8,*,23700,13,*,50900,7,*
,Sutton,2900,!,!,1200,2016,70500,4.1,3.9,10300,!,!,8700,!,!,20500,5.8,*
,Tower Hamlets,3800,!,6000,7600,2016,56200,6.8,*,36900,!,!,29500,20.4,16.4,49600,15.2,11
,Waltham Forest,2700,2600,1900,!,2016,55700,4.8,*,39700,6.5,*,18200,10.6,*,33900,!,!
,Wandsworth,1700,#,1600,1500,2016,94900,1.7,*,51900,3,*,16300,9.9,*,31700,4.8,*
,Westminster,1200,1600,1300,4000,2016,38100,3.1,*,44400,3.5,*,13100,10,*,31700,12.5,10.3
,North East,74900,3800,1600,4100,2016,1176200,6.4,0.9,48900,7.8,4.7,14200,11.1,9.8,41400,10,6
,North West,141200,9700,14400,16400,2016,2997000,4.7,0.6,188000,5.1,2.3,128100,11.2,4,201200,8.2,2.7
,Yorkshire and The Humber,109200,9300,6200,14300,2016,2273800,4.8,0.7,159300,5.8,2.9,99600,6.2,4.3,147200,9.7,4.1
,East Midlands,80800,7500,5600,7300,2016,1954600,4.1,0.8,191100,3.9,2.6,80300,6.9,4.6,139200,5.2,3
,West Midlands,96000,7900,28900,22200,2016,2145600,4.5,0.7,183400,4.3,2.3,231200,12.5,3.8,242400,9.2,3
,East,96500,7500,10000,6300,2016,2535000,3.8,0.7,307000,2.4,1.5,90900,11,5.2,188400,3.3,2.1
,London,80300,37600,63200,87900,2016,2016100,4,0.8,991400,3.8,1.2,583600,10.8,2.5,1161400,7.6,1.5
,South East,146100,14000,11500,16700,2016,3813800,3.8,0.5,465500,3,1.3,122400,9.4,3.9,269900,6.2,2.1
,South West,93000,10800,5300,4700,2016,2434700,3.8,0.6,230900,4.7,2.1,39500,13.3,9,90800,5.2,3.5
,Wandsworth,1700,#,1600,1500,2017,94900,1.7,*,51900,3,*,16300,9.9,*,31700,4.8,*
,Westminster,1200,1600,1300,4000,2017,38100,3.1,*,44400,3.5,*,13100,10,*,31700,12.5,10.3
,North East,74900,3800,1600,4100,2017,1176200,6.4,0.9,48900,7.8,4.7,14200,11.1,9.8,41400,10,6
,North West,141200,9700,14400,16400,2017,2997000,4.7,0.6,188000,5.1,2.3,128100,11.2,4,201200,8.2,2.7
,Yorkshire and The Humber,109200,9300,6200,14300,2017,2273800,4.8,0.7,159300,5.8,2.9,99600,6.2,4.3,147200,9.7,4.1
,East Midlands,80800,7500,5600,7300,2017,1954600,4.1,0.8,191100,3.9,2.6,80300,6.9,4.6,139200,5.2,3
,West Midlands,96000,7900,28900,22200,2017,2145600,4.5,0.7,183400,4.3,2.3,231200,12.5,3.8,242400,9.2,3
,East,96500,7500,10000,6300,2017,2535000,3.8,0.7,307000,2.4,1.5,90900,11,5.2,188400,3.3,2.1
,London,80300,37600,63200,87900,2017,2016100,4,0.8,991400,3.8,1.2,583600,10.8,2.5,1161400,7.6,1.5
,South East,146100,14000,11500,16700,2017,3813800,3.8,0.5,465500,3,1.3,122400,9.4,3.9,269900,6.2,2.1
,South West,93000,10800,5300,4700,2017,2434700,3.8,0.6,230900,4.7,2.1,39500,13.3,9,90800,5.2,3.5
,Hounslow,1400,!,1800,7800,2017,40600,3.4,*,26000,!,!,16800,10.5,*,64500,12.2,8.8
,Islington,!,1400,1100,2300,2017,79700,!,!,23100,6.2,*,11600,9.7,*,29100,7.8,*
,Kensington and Chelsea,1500,1600,1400,1900,2017,26200,5.7,*,27500,5.8,*,10200,13.8,*,17700,10.6,*
,Kingston upon Thames,1600,800,!,!,2017,52700,3.1,*,16600,4.7,*,5100,!,!,18800,!,!
,Lambeth,1800,5100,2300,!,2017,104000,1.7,*,45700,11.2,*,26400,8.6,*,34100,!,!
,Lewisham,2000,!,1800,2400,2017,87600,2.3,*,36100,!,!,23400,7.8,*,34800,6.9,*
,Merton,1100,!,!,900,2017,55000,2,*,23200,!,!,12600,!,!,25500,3.6,*
,Newham,1900,1600,1700,6000,2017,32400,5.8,*,42800,3.8,*,23700,7.2,*,81200,7.4,6.5
,Redbridge,!,1500,3500,5300,2017,39700,!,!,23600,6.3,*,32800,10.7,9.7,57200,9.3,6.6
,Richmond upon Thames,2100,!,!,!,2017,68000,3.1,*,19700,!,!,5300,!,!,9500,!,!
,Southwark,3600,2500,3700,2600,2017,80600,4.5,*,46900,5.4,*,22600,16.5,*,45500,5.7,*
,Sutton,3500,!,!,1500,2017,67800,5.2,4.5,14900,!,!,8700,!,!,21400,6.8,*
,Tower Hamlets,1600,!,2800,10000,2017,45500,3.5,*,35400,!,!,19700,14.3,*,56100,17.8,10.9
,Waltham Forest,1300,!,3100,1600,2017,63600,2,*,36800,!,!,20600,15,*,30700,5.1,*
,Wandsworth,2400,!,!,!,2017,93700,2.6,*,54200,!,!,15700,!,!,27900,!,!
,Westminster,2600,900,1700,2000,2017,29400,8.7,*,47300,1.9,*,15800,10.6,*,28100,7.1,*
,North East,72300,1100,1400,3500,2017,1164200,6.2,0.9,52500,2.2,2.4,13200,10.6,10,41900,8.3,5.2
,North West,122500,5700,14000,16200,2017,3029400,4,0.5,197800,2.9,1.8,137600,10.2,3.8,192200,8.4,2.9
,Yorkshire and The Humber,102500,6800,10400,15200,2017,2261600,4.5,0.7,184600,3.7,2.2,101100,10.3,5.5,147000,10.3,4.2
,East Midlands,76000,12400,7000,9900,2017,1924200,4,0.8,212600,5.9,3,84200,8.3,5,151000,6.6,3.4
,West Midlands,98000,10900,22000,18500,2017,2198100,4.5,0.7,207400,5.2,2.6,206900,10.6,3.7,238400,7.8,2.8
,East,89000,8500,6000,11000,2017,2546100,3.5,0.7,296700,2.8,1.7,103100,5.8,3.7,200800,5.5,2.6
,London,79900,37100,53400,83000,2017,2061900,3.9,0.8,1003700,3.7,1.2,547600,9.8,2.5,1166900,7.1,1.4
,South East,110800,16800,8300,13300,2017,3765300,2.9,0.5,507600,3.3,1.3,140600,5.9,2.9,297700,4.5,1.8
,South West,76300,7500,1800,7900,2017,2472000,3.1,0.5,258700,2.9,1.6,41900,4.4,*,89700,8.8,4.3
,Area,Unemployment rate  - 16+ white UK born,Unemployment rate  - 16+ white not UK born,Unemployment rate  - 16+ ethnic minority UK born,Unemployment rate  - 16+ ethnic minority not UK born,2018,null,null,null,null,null,null,null,null,null,null,null,null
,null,number,number,number,number,2018,denominator,percent,confidence,denominator,percent,confidence,denominator,percent,confidence,denominator,percent,confidence
,City of London,!,!,!,!,2018,5300,!,!,!,!,-,!,!,-,!,!,!
,Barking and Dagenham,1600,!,1300,1700,2018,32200,5.1,*,18500,!,!,13800,9.7,*,35400,4.8,*
,Barnet,3300,!,!,4300,2018,88900,3.7,*,46100,!,!,21000,!,!,45800,9.4,*
,Bexley,1800,!,900,!,2018,91100,2,*,11400,!,!,7800,11.7,*,17400,!,!
,Brent,!,!,4000,3900,2018,25000,!,!,38200,!,!,35400,11.4,*,70000,5.6,*
,Bromley,6700,!,!,!,2018,118600,5.6,4.4,24500,!,!,11000,!,!,17000,!,!
,Camden,1700,!,1000,2200,2018,55600,3,*,39200,!,!,13400,7.7,*,35100,6.2,*
,Croydon,2700,!,!,2500,2018,93600,2.9,*,33700,!,!,27500,!,!,53100,4.8,*
,Ealing,1800,3200,#,5400,2018,64400,2.9,*,34800,9.2,*,32800,6,*,51600,10.5,*
,Enfield,4300,1500,!,!,2018,72300,6,*,31500,4.8,*,22700,!,!,38400,!,!
,Greenwich,4500,1900,#,1900,2018,74900,6,5.6,27100,6.9,*,15200,10.7,*,34000,5.5,*
,Hackney,2000,!,3400,3300,2018,64600,3,*,27700,!,!,23500,14.4,*,37000,9,*
,Hammersmith and Fulham,1200,1100,1600,1700,2018,41600,2.9,*,31500,3.6,*,9700,16.2,*,22800,7.6,*
,Haringey,1700,!,3300,2000,2018,64900,2.7,*,45300,!,!,17600,18.8,*,28500,7,*
,Harrow,!,!,!,2200,2018,32500,!,!,26200,!,!,21100,!,!,49600,4.4,*
,Havering,5700,!,!,!,2018,108700,5.2,3.7,6400,!,!,11100,!,!,12200,!,!
,Hillingdon,2000,!,2300,2400,2018,63300,3.2,*,19200,!,!,25800,8.8,*,51000,4.7,*
,Hounslow,!,!,2300,3800,2018,47100,!,!,24900,!,!,20500,11.2,*,59400,6.4,*
,Islington,1200,2900,1500,1800,2018,81500,1.4,*,33500,8.6,*,12400,11.9,*,17800,10.2,*
,Kensington and Chelsea,900,1100,1300,2500,2018,25200,3.7,*,24300,4.6,*,7500,16.7,*,16900,14.7,*
,Kingston upon Thames,4000,!,!,2200,2018,55200,7.2,5.7,13900,!,!,6100,!,!,21200,10.5,*
,Lambeth,2200,1700,4100,6200,2018,75300,2.9,*,50100,3.4,*,31400,13.2,*,47300,13,10.9
,Lewisham,2500,1700,2100,1500,2018,85500,3,*,35300,4.9,*,24600,8.5,*,32000,4.7,*
,Merton,1000,!,1100,1800,2018,59100,1.7,*,23100,!,!,11200,10.1,*,27800,6.5,*
,Newham,!,2300,6100,!,2018,25800,!,!,43800,5.2,*,42300,14.5,*,68500,!,!
,Redbridge,1400,900,1600,3600,2018,47700,2.9,*,30700,3,*,25100,6.3,*,45700,7.8,7
,Richmond upon Thames,1400,!,1000,!,2018,68900,2.1,*,24600,!,!,4700,21.7,*,9900,!,!
,Southwark,4400,1100,1500,5300,2018,90300,4.8,*,48000,2.3,*,16200,9.6,*,42700,12.3,10.2
,Sutton,2600,!,#,800,2018,63300,4.1,*,19100,!,!,11000,8.1,*,18300,4.3,*
,Tower Hamlets,3200,1600,!,4800,2018,64700,4.9,*,42500,3.7,*,23900,!,!,47400,10.2,*
,Waltham Forest,!,!,2800,!,2018,67700,!,!,24000,!,!,30000,9.2,*,32600,!,!
,Wandsworth,3800,1700,!,!,2018,104600,3.6,*,52800,3.3,*,19000,!,!,24100,!,!
,Westminster,3100,!,2000,!,2018,41200,7.6,*,43800,!,!,13100,15.6,*,31800,!,!
,North East,60600,2700,1500,2900,2018,1168900,5.2,0.8,49400,5.4,3.9,13800,10.6,*,38200,7.7,5.2
,North West,110900,5400,11200,16100,2018,3014700,3.7,0.5,195800,2.8,1.8,134200,8.3,3.4,223500,7.2,2.5
,Yorkshire and The Humber,95100,6100,7600,11500,2018,2258200,4.2,0.7,176200,3.5,2.2,110700,6.8,4.4,143600,8,3.8
,East Midlands,84100,7200,4700,11700,2018,1931100,4.4,0.9,209100,3.4,2.3,96600,4.8,3.7,159900,7.3,3.5
,West Midlands,92500,3700,19300,19700,2018,2197600,4.2,0.7,204600,1.8,1.5,216700,8.9,3.3,262700,7.5,2.7
,East,88800,10600,5300,6200,2018,2543300,3.5,0.7,324600,3.3,1.8,106200,5,3.5,198200,3.1,2
,London,75800,33700,56500,74900,2018,2100600,3.6,0.8,995600,3.4,1.2,608100,9.3,2.5,1143300,6.6,1.5
,South East,115200,18100,10000,16300,2018,3761500,3.1,0.5,465900,3.9,1.5,137400,7.3,3.5,321000,5.1,1.9
,South West,76500,5400,2500,4100,2018,2475300,3.1,0.5,243500,2.2,1.5,41000,6.1,6,97100,4.2,2.9
,Area,Unemployment rate  - 16+ white UK born,Unemployment rate  - 16+ white not UK born,Unemployment rate  - 16+ ethnic minority UK born,Unemployment rate  - 16+ ethnic minority not UK born,2019,null,null,null,null,null,null,null,null,null,null,null,null
,null,number,number,number,number,2019,denominator,percent,confidence,denominator,percent,confidence,denominator,percent,confidence,denominator,percent,confidence
,City of London,!,!,!,!,2019,5600,!,!,#,!,!,!,!,-,!,!,-
,Barking and Dagenham,2000,1000,!,2300,2019,34800,5.8,*,19500,5.3,*,11800,!,!,38400,5.9,*
,Barnet,2500,!,4000,4800,2019,93500,2.6,*,49000,!,!,24500,16.3,*,48500,9.9,*
,Bexley,3500,!,!,1800,2019,87500,4,3.7,17300,!,!,7000,!,!,16700,11.1,*
,Brent,!,3300,#,3500,2019,31800,!,!,46100,7.2,*,35500,6.4,*,63000,5.6,*
,Bromley,2500,!,!,!,2019,106300,2.3,*,29100,!,!,13400,!,!,25600,!,!
,Camden,2200,!,1200,4000,2019,65600,3.4,*,38200,!,!,9600,12.4,*,30400,13.2,*
,Croydon,3100,!,1800,1900,2019,86700,3.6,*,40300,!,!,28400,6.4,*,49800,3.8,*
,Ealing,!,!,!,4100,2019,52300,!,!,42100,!,!,23400,!,!,54600,7.6,*
,Enfield,4900,1800,2700,2400,2019,62900,7.8,*,36900,4.9,*,19700,13.7,*,43300,5.6,*
,Greenwich,3500,!,#,2400,2019,71400,4.9,*,30100,!,!,14700,10.6,*,44900,5.4,*
,Hackney,!,!,2200,3800,2019,70800,!,!,33000,!,!,19000,11.7,*,34500,11,*
,Hammersmith and Fulham,1800,!,!,!,2019,47400,3.9,*,31900,!,!,5900,!,!,16800,!,!
,Haringey,!,1700,!,1400,2019,67000,!,!,45300,3.7,*,15800,!,!,31700,4.6,*
,Harrow,!,!,3000,1700,2019,23900,!,!,23700,!,!,25800,11.5,*,45400,3.8,*
,Havering,5400,!,!,!,2019,91000,5.9,4.4,10300,!,!,17800,!,!,14200,!,!
,Hillingdon,2100,1900,!,2500,2019,48500,4.4,*,26400,7,*,25800,!,!,54500,4.7,*
,Hounslow,2100,!,!,!,2019,44900,4.6,*,24900,!,!,20900,!,!,49800,!,!
,Islington,2100,!,1400,2700,2019,71400,2.9,*,32300,!,!,13200,10.4,*,30500,8.9,*
,Kensington and Chelsea,700,!,1100,1600,2019,23600,2.8,*,28200,!,!,8800,12.4,*,14900,11,*
,Kingston upon Thames,1300,!,!,800,2019,58500,2.2,*,16800,!,!,8100,!,!,15600,5.4,*
,Lambeth,4400,3100,2400,2400,2019,96800,4.5,*,36100,8.6,*,28500,8.5,*,43700,5.6,*
,Lewisham,3100,1500,2200,1900,2019,89600,3.5,*,35900,4.3,*,25600,8.4,*,31500,6.1,*
,Merton,700,!,2500,1700,2019,47100,1.5,*,26700,!,!,18600,13.4,*,27400,6,*
,Newham,!,!,5300,1700,2019,32700,!,!,48100,!,!,41400,12.7,*,69500,2.4,*
,Redbridge,3200,!,1800,!,2019,47000,6.7,*,31400,!,!,27400,6.7,*,49000,!,!
,Richmond upon Thames,!,!,!,!,2019,71700,!,!,21900,!,!,6700,!,!,9500,!,!
,Southwark,!,2200,1500,3300,2019,88300,!,!,37700,5.8,*,20400,7.5,*,45900,7.2,*
,Sutton,4400,!,800,1000,2019,75000,5.8,4.2,14300,!,!,8700,8.7,*,15300,6.3,*
,Tower Hamlets,1200,1700,1800,2200,2019,65100,1.9,*,40100,4.3,*,26600,6.9,*,45500,4.9,*
,Waltham Forest,3000,1800,1700,3600,2019,80200,3.7,*,32500,5.6,*,20500,8.3,*,21800,16.7,*
,Wandsworth,4300,1800,1900,!,2019,101600,4.2,*,62500,2.8,*,19500,9.7,*,23000,!,!
,Westminster,2900,!,1800,!,2019,41100,7,*,45500,!,!,17000,10.7,*,29300,!,!
,North East,65200,2000,2700,3400,2019,1164900,5.6,0.8,45800,4.3,3.8,15600,17.6,11.8,42300,8.1,5.1
,North West,117600,4900,9600,15300,2019,3042400,3.9,0.5,208100,2.3,1.6,129100,7.4,3.3,225200,6.8,2.5
,Yorkshire and The Humber,87700,7500,11400,12300,2019,2261800,3.9,0.6,175000,4.3,2.5,116200,9.8,5,144200,8.6,4
,East Midlands,64400,10000,5200,11500,2019,1949900,3.3,0.8,224500,4.4,2.6,104700,5,3.8,173200,6.7,3.3
,West Midlands,87600,5300,22600,23300,2019,2190300,4,0.7,205000,2.6,1.8,247200,9.1,3.2,271900,8.6,2.9
,East,81600,6700,4200,10400,2019,2543200,3.2,0.7,339300,2,1.3,98500,4.2,3.2,211000,4.9,2.4
,London,75900,31800,51200,65200,2019,2081500,3.6,0.8,1058600,3,1.1,610100,8.4,2.5,1134800,5.7,1.5
,South East,111700,13400,9000,10300,2019,3795400,2.9,0.5,495200,2.7,1.2,156000,5.8,3,333200,3.1,1.5
,South West,72300,5800,2400,7400,2019,2477400,2.9,0.5,243700,2.4,1.5,44700,5.5,*,105300,7,3.6
,Area,Unemployment rate  - 16+ white UK born,Unemployment rate  - 16+ white not UK born,Unemployment rate  - 16+ ethnic minority UK born,Unemployment rate  - 16+ ethnic minority not UK born,2020,null,null,null,null,null,null,null,null,null,null,null,null
,null,number,number,number,number,2020,denominator,percent,confidence,denominator,percent,confidence,denominator,percent,confidence,denominator,percent,confidence
,City of London,!,!,!,!,2020,#,!,!,!,!,!,!,!,!,!,!,-
,Barking and Dagenham,2200,3400,!,4300,2020,25700,8.4,*,20900,16.1,*,12600,!,!,45400,9.5,*
,Barnet,!,2700,!,6500,2020,75100,!,!,65700,4,*,23800,!,!,50600,12.8,*
,Bexley,3600,!,!,3400,2020,84600,4.3,*,15700,!,!,11100,!,!,22600,15.2,*
,Brent,!,!,3000,!,2020,36500,!,!,35600,!,!,41400,7.1,*,59100,!,!
,Bromley,3700,!,!,!,2020,107700,3.4,*,29400,!,!,17700,!,!,22000,!,!
,Camden,!,!,!,2500,2020,61100,!,!,34500,!,!,13900,!,!,35000,7.2,*
,Croydon,#,3700,3500,3700,2020,95000,2,*,33300,11.2,*,23500,14.9,*,55800,6.6,*
,Ealing,!,!,7700,!,2020,59200,!,!,32000,!,!,43700,17.7,*,53100,!,!
,Enfield,!,5500,!,2500,2020,78000,!,!,33900,16.3,*,16200,!,!,38100,6.6,*
,Greenwich,5000,!,!,3300,2020,60500,8.2,*,32000,!,!,13200,!,!,58900,5.7,*
,Hackney,4100,!,!,2200,2020,73100,5.6,*,32400,!,!,15000,!,!,42400,5.2,*
,Hammersmith and Fulham,3300,1400,1400,!,2020,44200,7.4,*,33900,4.2,*,12800,11,*,16000,!,!
,Haringey,3400,2300,!,!,2020,78600,4.3,*,45900,5,*,17600,!,!,14800,!,!
,Harrow,2900,!,!,4700,2020,33600,8.7,*,19400,!,!,29800,!,!,42000,11.1,*
,Havering,3800,!,!,!,2020,83700,4.5,4.3,18500,!,!,17300,!,!,21200,!,!
,Hillingdon,5700,2700,4900,!,2020,67100,8.5,*,17600,15.2,*,33800,14.5,*,55200,!,!
,Hounslow,!,!,2900,3600,2020,50500,!,!,22000,!,!,17700,16.2,*,58500,6.2,*
,Islington,4300,2600,!,!,2020,71400,6,*,42900,6,*,12700,!,!,16300,!,!
,Kensington and Chelsea,1400,!,1200,1300,2020,29500,4.6,*,33100,!,!,5900,19.4,*,15000,8.7,*
,Kingston upon Thames,2700,!,!,!,2020,56900,4.7,4.6,16300,!,!,5900,!,!,20100,!,!
,Lambeth,7600,!,3700,5600,2020,106100,7.2,6.3,39700,!,!,23200,16.1,*,46200,12,*
,Lewisham,1500,!,6000,!,2020,91300,1.7,*,36000,!,!,23700,25.1,*,43000,!,!
,Merton,2900,!,1100,3200,2020,52900,5.4,*,35300,!,!,10500,10.1,*,24500,13.1,*
,Newham,!,!,#,4400,2020,49000,!,!,53000,!,!,38000,14.4,*,66700,6.6,*
,Redbridge,!,!,!,!,2020,41100,!,!,29900,!,!,30600,!,!,59100,!,!
,Richmond upon Thames,700,!,!,!,2020,63500,1.1,*,27500,!,!,6600,!,!,13200,!,!
,Southwark,2800,3200,4700,4700,2020,88200,3.2,*,37100,8.8,*,26500,17.6,*,53100,8.8,*
,Sutton,2800,1300,1300,!,2020,55300,5,*,19900,6.6,*,12200,10.4,*,24100,!,!
,Tower Hamlets,2700,!,!,4000,2020,74000,3.7,*,47400,!,!,18200,!,!,45700,8.8,*
,Waltham Forest,2100,3800,7600,3800,2020,72900,2.9,*,32800,11.7,*,24800,30.4,22,22200,17.3,*
,Wandsworth,2400,!,!,!,2020,114600,2.1,*,52800,!,!,13800,!,!,30500,!,!
,Westminster,3400,6400,!,!,2020,48300,7,*,41200,15.4,*,15700,!,!,28900,!,!
,North East,73700,3200,2500,2900,2020,1172800,6.3,1,53000,6.1,5.1,16800,14.8,12.1,41100,7,5.9
,North West,119900,7200,10300,17200,2020,3006700,4,0.6,223200,3.2,2.3,140900,7.3,3.9,216300,7.9,3.6
,Yorkshire and The Humber,89500,6500,7600,19400,2020,2303000,3.9,0.7,168300,3.9,3,92300,8.2,6.1,156200,12.4,5.8
,East Midlands,85300,11700,11600,11200,2020,1962900,4.3,1,204900,5.7,4,91800,12.7,7.1,172100,6.5,4.1
,West Midlands,100500,5000,23400,27200,2020,2198400,4.6,0.8,196300,2.5,2.5,230500,10.1,4,287300,9.5,3.8
,East,99800,9600,5200,10900,2020,2535600,3.9,0.8,340900,2.8,2,107900,4.8,4,202000,5.4,3.1
,London,87300,56400,71500,85100,2020,2134200,4.1,1,1071300,5.3,1.8,630800,11.3,3.2,1199100,7.1,2
,South East,134400,22200,12900,21500,2020,3735900,3.6,0.6,539900,4.1,1.7,164600,7.8,3.9,333300,6.4,2.6
,South West,92000,11100,4300,3600,2020,2503500,3.7,0.7,212200,5.2,2.7,46100,9.3,*,92600,3.9,3.4
,Area,Unemployment rate  - 16+ white UK born,Unemployment rate  - 16+ white not UK born,Unemployment rate  - 16+ ethnic minority UK born,Unemployment rate  - 16+ ethnic minority not UK born,2021,null,null,null,null,null,null,null,null,null,null,null,null
,null,number,number,number,number,2021,denominator,percent,confidence,denominator,percent,confidence,denominator,percent,confidence,denominator,percent,confidence
,City of London,!12,!15,!19,!23,2021,"10,800",!13,!14,#16,!17,!18,!20,!21,-22,"9,60,024",!25,!26
,Barking and Dagenham,2200,!,!,!,2021,31700,6.8,*,9500,!,!,14600,!,!,43200,!,!
,Barnet,2800,4100,4500,4100,2021,73400,3.8,*,49700,8.3,*,30700,14.7,*,53100,7.7,*
,Bexley,4800,!,!,!,2021,78300,6.1,*,15800,!,!,6200,!,!,27000,!,!
,Brent,!,3500,!,7800,2021,35800,!,!,34800,10,*,29200,!,!,73300,10.7,*
,Bromley,5700,!,4600,!,2021,129100,4.4,4.2,24500,!,!,19200,24,*,16100,!,!
,Camden,!,!,!,!,2021,72200,!,!,27400,!,!,12400,!,!,32500,!,!
,Croydon,4300,!,5200,!,2021,89800,4.8,*,38700,!,!,34300,15.1,*,44000,!,!
,Ealing,3300,!,!,7100,2021,77300,4.2,*,36200,!,!,25300,!,!,45300,15.8,*
,Enfield,!,!,4000,!,2021,68400,!,!,34000,!,!,32200,12.4,*,34400,!,!
,Greenwich,4300,!,4100,5300,2021,63200,6.8,*,34200,!,!,24100,17.2,*,49100,10.7,*
,Hackney,5400,!,!,3300,2021,91100,5.9,*,38000,!,!,22500,!,!,35800,9.1,*
,Hammersmith and Fulham,2600,!,!,!,2021,47600,5.4,*,23700,!,!,10100,!,!,21900,!,!
,Haringey,1400,1800,2500,!,2021,62000,2.3,*,47300,3.7,*,21600,11.7,*,28900,!,!
,Harrow,1900,#,!,2000,2021,26500,7.2,*,16900,16.4,*,32600,!,!,52700,3.8,*
,Havering,5200,!,!,!,2021,94200,5.5,4.3,14500,!,!,18000,!,!,19900,!,!
,Hillingdon,4400,!,!,5100,2021,69300,6.4,*,17000,!,!,19900,!,!,66200,7.7,*
,Hounslow,2500,!,!,!,2021,41000,6,*,41000,!,!,12900,!,!,53900,!,!
,Islington,3700,!,!,1900,2021,72300,5.1,*,34600,!,!,10200,!,!,29200,6.4,*
,Kensington and Chelsea,1900,!,!,!,2021,21300,8.9,*,21600,!,!,9500,!,!,18700,!,!
,Kingston upon Thames,1300,!,!,!,2021,54000,2.4,*,25800,!,!,5700,!,!,18300,!,!
,Lambeth,3600,!,!,!,2021,102400,3.5,*,50000,!,!,34700,!,!,26800,!,!
,Lewisham,2000,!,2400,#,2021,85000,2.3,*,40500,!,!,22400,10.6,*,32000,8.2,*
,Merton,2200,1800,!,!,2021,50000,4.3,*,35200,5.1,*,13200,!,!,22300,!,!
,Newham,#,!,!,5700,2021,40500,7.2,*,52300,!,!,37600,!,!,70800,8,*
,Redbridge,2600,!,3000,5900,2021,37500,7,*,19200,!,!,29900,10.1,*,66300,8.9,*
,Richmond upon Thames,2600,!,!,2800,2021,55300,4.7,*,26300,!,!,2700,!,!,22000,12.5,*
,Southwark,2500,!,4500,2900,2021,74600,3.3,*,45100,!,!,31900,14.3,*,44300,6.5,*
,Sutton,3000,!,1300,!,2021,58900,5,*,17100,!,!,8700,15.1,*,25900,!,!
,Tower Hamlets,3400,!,!,4800,2021,50000,6.9,*,45600,!,!,44200,!,!,48400,9.9,*
,Waltham Forest,5000,!,2900,!,2021,86300,5.8,*,27600,!,!,20500,14.2,*,23900,!,!
,Wandsworth,4100,3300,!,3400,2021,96300,4.2,*,60500,5.4,*,13000,!,!,31300,10.7,*
,Westminster,3400,!,!,!,2021,63500,5.4,*,34200,!,!,9000,!,!,21700,!,!
,North East,65300,2700,1000,5500,2021,1142300,5.7,1,49700,5.5,*,15500,6.6,*,46800,11.7,7.3
,North West,123700,7600,7700,24800,2021,2954300,4.2,0.6,226000,3.4,2.4,136300,5.7,3.8,232200,10.7,4.1
,Yorkshire and The Humber,81500,5700,14600,18700,2021,2263500,3.6,0.7,161200,3.5,3.1,104400,14,7.7,166900,11.2,5.7
,East Midlands,76700,6100,10100,13000,2021,1883000,4.1,0.9,212200,2.9,*,102400,9.9,5.9,180000,7.2,4.2
,West Midlands,87200,4900,29200,24200,2021,2148200,4.1,0.8,208600,2.3,2.4,226900,12.9,4.8,327500,7.4,3.5
,East,92900,6800,8600,12800,2021,2531400,3.7,0.7,323700,2.1,1.8,128300,6.7,4.4,216700,5.9,3.2
,London,99700,41700,58400,82400,2021,2109400,4.7,1,1045800,4,1.6,658600,8.9,2.8,1208900,6.8,1.9
,South East,125500,22500,12600,18600,2021,3690300,3.4,0.6,528900,4.3,1.7,159900,7.9,4,332600,5.6,2.4
,South West,76500,7200,4100,3900,2021,2435300,3.1,0.6,217700,3.3,2.1,56100,7.3,*,99100,4,3.5
,Area,Unemployment rate  - 16+ white UK born,Unemployment rate  - 16+ white not UK born,Unemployment rate  - 16+ ethnic minority UK born,Unemployment rate  - 16+ ethnic minority not UK born,2022,null,null,null,null,null,null,null,null,null,null,null,null
,null,number,number,number,number,2022,denominator,percent,confidence,denominator,percent,confidence,denominator,percent,confidence,denominator,percent,confidence
,City of London,!14,!17,!21,!25,2022,"6,200",!15,!16,#18,!19,!20,!22,!23,-24,#26,!27,!28
,Barking and Dagenham,!,1800,!,!,2022,17700,!,!,23400,7.8,*,19100,!,!,48100,!,!
,Barnet,5200,2500,!,!,2022,72600,7.2,*,47000,5.4,*,27400,!,!,55600,!,!
,Bexley,2300,!,!,!,2022,86500,2.7,*,15200,!,!,11700,!,!,25400,!,!
,Brent,!,!,!,4900,2022,31300,!,!,42800,!,!,30300,!,!,66200,7.4,*
,Bromley,2300,!,!,!,2022,118500,1.9,*,22900,!,!,18700,!,!,25200,!,!
,Camden,4700,!,!,!,2022,59300,8,*,30600,!,!,22800,!,!,33900,!,!
,Croydon,4600,!,!,!,2022,90800,5.1,*,27000,!,!,44300,!,!,51500,!,!
,Ealing,2400,!,!,!,2022,84300,2.8,*,33000,!,!,22500,!,!,45000,!,!
,Enfield,3000,!,!,5100,2022,66800,4.4,*,28300,!,!,32400,!,!,43600,11.6,*
,Greenwich,1600,!,!,2100,2022,71300,2.3,*,22100,!,!,15700,!,!,54000,3.9,*
,Hackney,7700,6300,!,!,2022,79100,9.8,*,39400,15.9,*,22200,!,!,38500,!,!
,Hammersmith and Fulham,1800,!,!,!,2022,46900,3.8,*,29900,!,!,11900,!,!,13500,!,!
,Haringey,2500,!,!,!,2022,58200,4.3,*,46100,!,!,29200,!,!,27500,!,!
,Harrow,!,!,3400,#,2022,26100,!,!,15900,!,!,35100,9.7,*,51200,6.5,*
,Havering,!,!,1000,!,2022,96200,!,!,15500,!,!,16100,6.5,*,20900,!,!
,Hillingdon,5500,!,!,3400,2022,67100,8.2,*,16700,!,!,15600,!,!,59600,5.8,*
,Hounslow,!,!,!,3200,2022,48600,!,!,31100,!,!,17000,!,!,47400,6.8,*
,Islington,!,!,!,4000,2022,67800,!,!,43000,!,!,19400,!,!,22400,18,*
,Kensington and Chelsea,!,!,!,!,2022,19800,!,!,30500,!,!,9000,!,!,17700,!,!
,Kingston upon Thames,!,!,!,!,2022,50400,!,!,28100,!,!,7500,!,!,21600,!,!
,Lambeth,!,!,!,!,2022,119500,!,!,40700,!,!,42600,!,!,22100,!,!
,Lewisham,!,!,!,!,2022,97800,!,!,33000,!,!,27100,!,!,38800,!,!
,Merton,!,!,!,!,2022,52700,!,!,35100,!,!,10100,!,!,25300,!,!
,Newham,!,!,!,!,2022,51900,!,!,34600,!,!,30900,!,!,88100,!,!
,Redbridge,1700,!,!,4800,2022,37900,4.5,*,23700,!,!,31500,!,!,69000,7,*
,Richmond upon Thames,2100,!,!,1200,2022,56700,3.7,*,28400,!,!,2100,!,!,14400,8.4,*
,Southwark,!,!,5500,!,2022,95100,!,!,31700,!,!,25100,22.1,*,36600,!,!
,Sutton,1800,!,1300,1500,2022,57400,3.1,*,18200,!,!,8200,16.4,*,28000,5.4,*
,Tower Hamlets,!,!,!,6900,2022,54500,!,!,34100,!,!,39000,!,!,61500,11.2,*
,Waltham Forest,!,!,4400,3800,2022,57700,!,!,23700,!,!,30900,14.2,*,34400,11,*
,Wandsworth,1900,!,!,!,2022,108800,1.8,*,64000,!,!,15600,!,!,26900,!,!
,Westminster,!,!,!,2000,2022,37500,!,!,41400,!,!,18700,!,!,26100,7.8,*
,North East,50600,2500,!,3900,2022,1125900,4.5,0.9,52900,4.7,*,18900,!,!,49800,7.8,6.4
,North West,109400,6400,6700,23700,2022,2960200,3.7,0.7,213800,3,2.5,128200,5.2,4.1,267600,8.8,3.6
,Yorkshire and The Humber,56100,5800,17300,17400,2022,2220700,2.5,0.6,174200,3.3,2.9,127600,13.6,7.2,185500,9.4,5.2
,East Midlands,46900,5000,6300,10400,2022,1887200,2.5,0.8,206200,2.4,*,105500,6,4.8,201700,5.2,3.1
,West Midlands,82800,5200,21200,26000,2022,2142900,3.9,0.8,199900,2.6,*,236400,9,4.2,349300,7.5,3.3
,East,61200,7500,8000,12500,2022,2497900,2.4,0.7,330500,2.3,1.9,159500,5,3.9,219300,5.7,3.2
,London,68900,41500,46800,67300,2022,2093000,3.3,1,1005000,4.1,1.8,709500,6.6,2.6,1244300,5.4,1.8
,South East,112800,13600,6300,15200,2022,3687500,3.1,0.6,509300,2.7,1.5,167200,3.8,3,387400,3.9,2
,South West,61700,4200,4600,4000,2022,2473800,2.5,0.6,213400,2,1.7,53300,8.6,*,106500,3.8,3.4
